file_name,breed_id
wheaten_terrier_161.jpg,1
scottish_terrier_186.jpg,1
samoyed_175.jpg,1
miniature_pinscher_122.jpg,1
Sphynx_170.jpg,0
British_Shorthair_184.jpg,0
keeshond_138.jpg,1
keeshond_128.jpg,1
shiba_inu_106.jpg,1
Abyssinian_129.jpg,0
boxer_187.jpg,1
samoyed_150.jpg,1
wheaten_terrier_183.jpg,1
chihuahua_166.jpg,1
yorkshire_terrier_188.jpg,1
Birman_148.jpg,0
Maine_Coon_157.jpg,0
Egyptian_Mau_196.jpg,0
Maine_Coon_175.jpg,0
Bombay_186.jpg,0
Bengal_101.jpg,0
keeshond_179.jpg,1
beagle_175.jpg,1
Bombay_135.jpg,0
english_cocker_spaniel_14.jpg,1
leonberger_134.jpg,1
newfoundland_187.jpg,1
american_bulldog_188.jpg,1
staffordshire_bull_terrier_152.jpg,1
american_bulldog_183.jpg,1
Sphynx_169.jpg,0
Bengal_148.jpg,0
newfoundland_160.jpg,1
British_Shorthair_196.jpg,0
newfoundland_13.jpg,1
Siamese_127.jpg,0
english_cocker_spaniel_162.jpg,1
chihuahua_164.jpg,1
american_pit_bull_terrier_164.jpg,1
Ragdoll_169.jpg,0
german_shorthaired_139.jpg,1
chihuahua_153.jpg,1
British_Shorthair_129.jpg,0
samoyed_102.jpg,1
basset_hound_10.jpg,1
Siamese_195.jpg,0
saint_bernard_161.jpg,1
american_bulldog_119.jpg,1
Maine_Coon_193.jpg,0
yorkshire_terrier_140.jpg,1
samoyed_138.jpg,1
havanese_117.jpg,1
Abyssinian_112.jpg,0
pomeranian_132.jpg,1
american_pit_bull_terrier_158.jpg,1
Egyptian_Mau_171.jpg,0
leonberger_131.jpg,1
Maine_Coon_124.jpg,0
Russian_Blue_101.jpg,0
Abyssinian_115.jpg,0
pug_167.jpg,1
Siamese_147.jpg,0
samoyed_185.jpg,1
Siamese_126.jpg,0
beagle_111.jpg,1
american_bulldog_109.jpg,1
Maine_Coon_187.jpg,0
Maine_Coon_133.jpg,0
american_bulldog_200.jpg,1
american_pit_bull_terrier_190.jpg,1
Egyptian_Mau_10.jpg,0
keeshond_103.jpg,1
Abyssinian_191.jpg,0
basset_hound_185.jpg,1
pomeranian_10.jpg,1
yorkshire_terrier_161.jpg,1
samoyed_129.jpg,1
miniature_pinscher_16.jpg,1
Bombay_143.jpg,0
Persian_115.jpg,0
saint_bernard_17.jpg,1
Ragdoll_185.jpg,0
saint_bernard_142.jpg,1
miniature_pinscher_154.jpg,1
english_setter_128.jpg,1
Persian_1.jpg,0
basset_hound_160.jpg,1
Sphynx_183.jpg,0
pomeranian_135.jpg,1
wheaten_terrier_136.jpg,1
British_Shorthair_178.jpg,0
wheaten_terrier_154.jpg,1
japanese_chin_17.jpg,1
great_pyrenees_145.jpg,1
beagle_102.jpg,1
scottish_terrier_101.jpg,1
japanese_chin_182.jpg,1
scottish_terrier_181.jpg,1
shiba_inu_175.jpg,1
american_bulldog_146.jpg,1
yorkshire_terrier_183.jpg,1
leonberger_159.jpg,1
Abyssinian_148.jpg,0
Ragdoll_147.jpg,0
japanese_chin_169.jpg,1
Abyssinian_123.jpg,0
english_setter_155.jpg,1
British_Shorthair_123.jpg,0
miniature_pinscher_134.jpg,1
yorkshire_terrier_120.jpg,1
yorkshire_terrier_154.jpg,1
Bengal_126.jpg,0
boxer_111.jpg,1
english_setter_173.jpg,1
Sphynx_153.jpg,0
great_pyrenees_180.jpg,1
havanese_120.jpg,1
beagle_138.jpg,1
yorkshire_terrier_185.jpg,1
miniature_pinscher_127.jpg,1
staffordshire_bull_terrier_10.jpg,1
yorkshire_terrier_150.jpg,1
great_pyrenees_161.jpg,1
newfoundland_17.jpg,1
keeshond_175.jpg,1
pug_141.jpg,1
boxer_100.jpg,1
Bombay_101.jpg,0
British_Shorthair_105.jpg,0
Bombay_160.jpg,0
Bombay_112.jpg,0
staffordshire_bull_terrier_124.jpg,1
pug_115.jpg,1
newfoundland_189.jpg,1
British_Shorthair_173.jpg,0
Persian_200.jpg,0
miniature_pinscher_159.jpg,1
miniature_pinscher_108.jpg,1
Birman_171.jpg,0
Ragdoll_173.jpg,0
american_pit_bull_terrier_127.jpg,1
american_pit_bull_terrier_110.jpg,1
havanese_11.jpg,1
Abyssinian_13.jpg,0
keeshond_176.jpg,1
basset_hound_147.jpg,1
english_cocker_spaniel_135.jpg,1
pug_171.jpg,1
Bengal_162.jpg,0
great_pyrenees_184.jpg,1
Ragdoll_192.jpg,0
japanese_chin_112.jpg,1
boxer_104.jpg,1
chihuahua_175.jpg,1
yorkshire_terrier_176.jpg,1
american_pit_bull_terrier_183.jpg,1
Ragdoll_135.jpg,0
Bengal_132.jpg,0
newfoundland_185.jpg,1
japanese_chin_129.jpg,1
pomeranian_151.jpg,1
Maine_Coon_206.jpg,0
Birman_154.jpg,0
great_pyrenees_139.jpg,1
Abyssinian_166.jpg,0
yorkshire_terrier_113.jpg,1
chihuahua_160.jpg,1
Egyptian_Mau_106.jpg,0
newfoundland_115.jpg,1
japanese_chin_111.jpg,1
boxer_174.jpg,1
american_pit_bull_terrier_151.jpg,1
havanese_155.jpg,1
scottish_terrier_147.jpg,1
keeshond_17.jpg,1
german_shorthaired_130.jpg,1
german_shorthaired_105.jpg,1
havanese_178.jpg,1
newfoundland_176.jpg,1
leonberger_119.jpg,1
Bengal_168.jpg,0
Maine_Coon_143.jpg,0
miniature_pinscher_168.jpg,1
shiba_inu_150.jpg,1
american_bulldog_175.jpg,1
basset_hound_18.jpg,1
german_shorthaired_115.jpg,1
miniature_pinscher_181.jpg,1
basset_hound_120.jpg,1
beagle_191.jpg,1
scottish_terrier_164.jpg,1
Abyssinian_110.jpg,0
keeshond_15.jpg,1
Persian_120.jpg,0
japanese_chin_128.jpg,1
chihuahua_10.jpg,1
Sphynx_162.jpg,0
pomeranian_171.jpg,1
miniature_pinscher_161.jpg,1
basset_hound_113.jpg,1
basset_hound_12.jpg,1
Egyptian_Mau_163.jpg,0
Bombay_155.jpg,0
boxer_110.jpg,1
basset_hound_123.jpg,1
keeshond_121.jpg,1
samoyed_165.jpg,1
great_pyrenees_158.jpg,1
Persian_107.jpg,0
german_shorthaired_159.jpg,1
american_bulldog_131.jpg,1
Ragdoll_164.jpg,0
pug_155.jpg,1
Birman_104.jpg,0
american_pit_bull_terrier_172.jpg,1
chihuahua_150.jpg,1
leonberger_161.jpg,1
Siamese_187.jpg,0
yorkshire_terrier_134.jpg,1
Bombay_145.jpg,0
beagle_155.jpg,1
boxer_165.jpg,1
basset_hound_114.jpg,1
keeshond_152.jpg,1
havanese_148.jpg,1
miniature_pinscher_186.jpg,1
beagle_186.jpg,1
wheaten_terrier_109.jpg,1
english_setter_156.jpg,1
great_pyrenees_190.jpg,1
japanese_chin_154.jpg,1
beagle_16.jpg,1
wheaten_terrier_164.jpg,1
wheaten_terrier_118.jpg,1
Abyssinian_146.jpg,0
Persian_153.jpg,0
Bombay_106.jpg,0
leonberger_157.jpg,1
japanese_chin_104.jpg,1
great_pyrenees_169.jpg,1
german_shorthaired_163.jpg,1
staffordshire_bull_terrier_195.jpg,1
staffordshire_bull_terrier_18.jpg,1
Russian_Blue_165.jpg,0
Russian_Blue_10.jpg,0
english_cocker_spaniel_143.jpg,1
american_bulldog_187.jpg,1
chihuahua_125.jpg,1
newfoundland_147.jpg,1
scottish_terrier_14.jpg,1
japanese_chin_141.jpg,1
newfoundland_142.jpg,1
Bengal_157.jpg,0
saint_bernard_128.jpg,1
Sphynx_177.jpg,0
american_bulldog_136.jpg,1
shiba_inu_103.jpg,1
german_shorthaired_160.jpg,1
Persian_161.jpg,0
samoyed_17.jpg,1
Ragdoll_107.jpg,0
saint_bernard_157.jpg,1
Bombay_118.jpg,0
english_setter_165.jpg,1
american_bulldog_140.jpg,1
Siamese_100.jpg,0
scottish_terrier_112.jpg,1
basset_hound_153.jpg,1
Persian_195.jpg,0
german_shorthaired_16.jpg,1
saint_bernard_109.jpg,1
Bombay_180.jpg,0
staffordshire_bull_terrier_11.jpg,1
american_pit_bull_terrier_147.jpg,1
Persian_106.jpg,0
yorkshire_terrier_122.jpg,1
keeshond_185.jpg,1
pomeranian_111.jpg,1
chihuahua_185.jpg,1
Russian_Blue_119.jpg,0
Ragdoll_130.jpg,0
boxer_118.jpg,1
wheaten_terrier_160.jpg,1
scottish_terrier_165.jpg,1
japanese_chin_148.jpg,1
Persian_189.jpg,0
keeshond_174.jpg,1
samoyed_105.jpg,1
Siamese_153.jpg,0
Bengal_16.jpg,0
miniature_pinscher_107.jpg,1
saint_bernard_173.jpg,1
beagle_142.jpg,1
chihuahua_145.jpg,1
beagle_161.jpg,1
Abyssinian_172.jpg,0
japanese_chin_107.jpg,1
german_shorthaired_12.jpg,1
pug_136.jpg,1
staffordshire_bull_terrier_180.jpg,1
english_setter_108.jpg,1
Egyptian_Mau_114.jpg,0
Bengal_189.jpg,0
keeshond_132.jpg,1
yorkshire_terrier_124.jpg,1
Persian_187.jpg,0
Maine_Coon_211.jpg,0
shiba_inu_159.jpg,1
Bengal_110.jpg,0
Russian_Blue_160.jpg,0
american_bulldog_122.jpg,1
Birman_187.jpg,0
basset_hound_105.jpg,1
english_cocker_spaniel_183.jpg,1
chihuahua_129.jpg,1
shiba_inu_145.jpg,1
staffordshire_bull_terrier_16.jpg,1
samoyed_156.jpg,1
beagle_149.jpg,1
pug_192.jpg,1
miniature_pinscher_152.jpg,1
beagle_115.jpg,1
Abyssinian_127.jpg,0
newfoundland_171.jpg,1
american_pit_bull_terrier_103.jpg,1
Siamese_172.jpg,0
keeshond_177.jpg,1
japanese_chin_145.jpg,1
Abyssinian_158.jpg,0
Egyptian_Mau_108.jpg,0
great_pyrenees_119.jpg,1
havanese_190.jpg,1
chihuahua_103.jpg,1
newfoundland_12.jpg,1
Ragdoll_143.jpg,0
samoyed_159.jpg,1
Persian_135.jpg,0
american_bulldog_196.jpg,1
beagle_182.jpg,1
Russian_Blue_14.jpg,0
german_shorthaired_161.jpg,1
Ragdoll_112.jpg,0
Persian_186.jpg,0
american_pit_bull_terrier_181.jpg,1
american_bulldog_171.jpg,1
japanese_chin_157.jpg,1
english_setter_137.jpg,1
havanese_163.jpg,1
german_shorthaired_13.jpg,1
shiba_inu_10.jpg,1
leonberger_107.jpg,1
english_cocker_spaniel_175.jpg,1
japanese_chin_18.jpg,1
beagle_109.jpg,1
scottish_terrier_107.jpg,1
wheaten_terrier_113.jpg,1
english_setter_150.jpg,1
american_bulldog_198.jpg,1
german_shorthaired_112.jpg,1
Birman_101.jpg,0
pomeranian_190.jpg,1
Abyssinian_126.jpg,0
Ragdoll_149.jpg,0
pug_125.jpg,1
Sphynx_151.jpg,0
boxer_109.jpg,1
Russian_Blue_152.jpg,0
beagle_163.jpg,1
havanese_103.jpg,1
english_setter_123.jpg,1
shiba_inu_185.jpg,1
keeshond_172.jpg,1
english_cocker_spaniel_129.jpg,1
Bengal_150.jpg,0
pug_133.jpg,1
keeshond_133.jpg,1
shiba_inu_125.jpg,1
beagle_139.jpg,1
pug_183.jpg,1
english_setter_146.jpg,1
wheaten_terrier_108.jpg,1
keeshond_10.jpg,1
Abyssinian_176.jpg,0
wheaten_terrier_122.jpg,1
american_pit_bull_terrier_187.jpg,1
english_setter_105.jpg,1
leonberger_133.jpg,1
Ragdoll_106.jpg,0
great_pyrenees_168.jpg,1
Egyptian_Mau_153.jpg,0
havanese_131.jpg,1
beagle_116.jpg,1
english_cocker_spaniel_190.jpg,1
japanese_chin_159.jpg,1
Bombay_163.jpg,0
Birman_152.jpg,0
leonberger_143.jpg,1
miniature_pinscher_103.jpg,1
great_pyrenees_122.jpg,1
Birman_107.jpg,0
english_setter_102.jpg,1
english_setter_17.jpg,1
yorkshire_terrier_18.jpg,1
British_Shorthair_159.jpg,0
german_shorthaired_101.jpg,1
Egyptian_Mau_181.jpg,0
Sphynx_176.jpg,0
american_pit_bull_terrier_152.jpg,1
chihuahua_152.jpg,1
scottish_terrier_170.jpg,1
chihuahua_133.jpg,1
Egyptian_Mau_111.jpg,0
saint_bernard_148.jpg,1
Siamese_169.jpg,0
Maine_Coon_131.jpg,0
Maine_Coon_123.jpg,0
beagle_112.jpg,1
american_pit_bull_terrier_135.jpg,1
english_setter_140.jpg,1
British_Shorthair_174.jpg,0
Siamese_198.jpg,0
Sphynx_191.jpg,0
miniature_pinscher_183.jpg,1
japanese_chin_178.jpg,1
chihuahua_173.jpg,1
Siamese_130.jpg,0
British_Shorthair_114.jpg,0
american_bulldog_179.jpg,1
Siamese_145.jpg,0
american_pit_bull_terrier_113.jpg,1
american_bulldog_153.jpg,1
chihuahua_158.jpg,1
great_pyrenees_142.jpg,1
german_shorthaired_165.jpg,1
american_bulldog_149.jpg,1
Maine_Coon_126.jpg,0
wheaten_terrier_162.jpg,1
american_bulldog_102.jpg,1
scottish_terrier_131.jpg,1
leonberger_154.jpg,1
Birman_140.jpg,0
american_pit_bull_terrier_136.jpg,1
miniature_pinscher_109.jpg,1
keeshond_108.jpg,1
pug_121.jpg,1
Siamese_152.jpg,0
yorkshire_terrier_121.jpg,1
Ragdoll_180.jpg,0
Persian_141.jpg,0
Birman_121.jpg,0
Abyssinian_14.jpg,0
Abyssinian_140.jpg,0
Russian_Blue_13.jpg,0
basset_hound_13.jpg,1
Bombay_152.jpg,0
Persian_197.jpg,0
american_pit_bull_terrier_160.jpg,1
Bengal_141.jpg,0
Sphynx_202.jpg,0
samoyed_162.jpg,1
staffordshire_bull_terrier_140.jpg,1
newfoundland_15.jpg,1
Bombay_19.jpg,0
Abyssinian_153.jpg,0
saint_bernard_133.jpg,1
Maine_Coon_159.jpg,0
Ragdoll_145.jpg,0
samoyed_139.jpg,1
newfoundland_10.jpg,1
boxer_112.jpg,1
miniature_pinscher_131.jpg,1
pomeranian_131.jpg,1
pomeranian_174.jpg,1
Russian_Blue_169.jpg,0
samoyed_119.jpg,1
basset_hound_109.jpg,1
Persian_171.jpg,0
great_pyrenees_109.jpg,1
japanese_chin_144.jpg,1
Egyptian_Mau_180.jpg,0
beagle_131.jpg,1
newfoundland_117.jpg,1
english_setter_13.jpg,1
boxer_176.jpg,1
Ragdoll_201.jpg,0
Birman_166.jpg,0
Persian_152.jpg,0
pomeranian_142.jpg,1
Russian_Blue_173.jpg,0
Maine_Coon_139.jpg,0
great_pyrenees_104.jpg,1
basset_hound_162.jpg,1
yorkshire_terrier_143.jpg,1
Maine_Coon_145.jpg,0
chihuahua_170.jpg,1
american_bulldog_191.jpg,1
german_shorthaired_171.jpg,1
Ragdoll_1.jpg,0
great_pyrenees_100.jpg,1
Sphynx_150.jpg,0
shiba_inu_115.jpg,1
havanese_119.jpg,1
great_pyrenees_110.jpg,1
saint_bernard_143.jpg,1
Bengal_136.jpg,0
basset_hound_15.jpg,1
american_pit_bull_terrier_137.jpg,1
staffordshire_bull_terrier_166.jpg,1
saint_bernard_170.jpg,1
boxer_138.jpg,1
chihuahua_14.jpg,1
chihuahua_142.jpg,1
wheaten_terrier_176.jpg,1
Egyptian_Mau_151.jpg,0
Ragdoll_190.jpg,0
yorkshire_terrier_168.jpg,1
samoyed_164.jpg,1
english_setter_121.jpg,1
newfoundland_146.jpg,1
Russian_Blue_122.jpg,0
basset_hound_142.jpg,1
great_pyrenees_112.jpg,1
Maine_Coon_189.jpg,0
wheaten_terrier_147.jpg,1
german_shorthaired_185.jpg,1
scottish_terrier_160.jpg,1
Persian_112.jpg,0
english_cocker_spaniel_121.jpg,1
chihuahua_112.jpg,1
american_bulldog_182.jpg,1
Siamese_173.jpg,0
Egyptian_Mau_133.jpg,0
Egyptian_Mau_118.jpg,0
yorkshire_terrier_15.jpg,1
leonberger_164.jpg,1
american_bulldog_178.jpg,1
yorkshire_terrier_129.jpg,1
basset_hound_129.jpg,1
yorkshire_terrier_153.jpg,1
beagle_13.jpg,1
scottish_terrier_153.jpg,1
japanese_chin_125.jpg,1
pomeranian_138.jpg,1
pomeranian_166.jpg,1
beagle_176.jpg,1
english_cocker_spaniel_173.jpg,1
yorkshire_terrier_110.jpg,1
great_pyrenees_121.jpg,1
pomeranian_168.jpg,1
miniature_pinscher_123.jpg,1
havanese_164.jpg,1
great_pyrenees_144.jpg,1
basset_hound_122.jpg,1
chihuahua_105.jpg,1
Bombay_184.jpg,0
newfoundland_126.jpg,1
shiba_inu_131.jpg,1
Siamese_161.jpg,0
Abyssinian_156.jpg,0
Siamese_146.jpg,0
Ragdoll_117.jpg,0
american_pit_bull_terrier_15.jpg,1
pug_106.jpg,1
Russian_Blue_161.jpg,0
chihuahua_122.jpg,1
saint_bernard_140.jpg,1
american_pit_bull_terrier_12.jpg,1
havanese_183.jpg,1
boxer_129.jpg,1
Abyssinian_183.jpg,0
Russian_Blue_110.jpg,0
Ragdoll_134.jpg,0
chihuahua_167.jpg,1
english_setter_145.jpg,1
miniature_pinscher_113.jpg,1
beagle_136.jpg,1
shiba_inu_18.jpg,1
Sphynx_136.jpg,0
Bombay_120.jpg,0
pug_134.jpg,1
leonberger_190.jpg,1
pomeranian_156.jpg,1
Egyptian_Mau_161.jpg,0
pomeranian_12.jpg,1
american_pit_bull_terrier_176.jpg,1
american_pit_bull_terrier_168.jpg,1
newfoundland_148.jpg,1
scottish_terrier_113.jpg,1
wheaten_terrier_186.jpg,1
great_pyrenees_108.jpg,1
beagle_123.jpg,1
Russian_Blue_181.jpg,0
Bengal_106.jpg,0
newfoundland_120.jpg,1
shiba_inu_157.jpg,1
Ragdoll_111.jpg,0
staffordshire_bull_terrier_104.jpg,1
Bengal_146.jpg,0
Bengal_153.jpg,0
Bombay_193.jpg,0
beagle_141.jpg,1
Persian_175.jpg,0
american_pit_bull_terrier_117.jpg,1
pug_140.jpg,1
yorkshire_terrier_152.jpg,1
great_pyrenees_172.jpg,1
wheaten_terrier_127.jpg,1
saint_bernard_129.jpg,1
shiba_inu_141.jpg,1
english_setter_10.jpg,1
havanese_158.jpg,1
shiba_inu_108.jpg,1
pug_161.jpg,1
newfoundland_124.jpg,1
Birman_177.jpg,0
pug_143.jpg,1
pomeranian_189.jpg,1
english_setter_15.jpg,1
german_shorthaired_134.jpg,1
Bengal_172.jpg,0
miniature_pinscher_111.jpg,1
Abyssinian_1.jpg,0
shiba_inu_160.jpg,1
wheaten_terrier_151.jpg,1
boxer_105.jpg,1
British_Shorthair_127.jpg,0
Siamese_206.jpg,0
american_pit_bull_terrier_143.jpg,1
Russian_Blue_187.jpg,0
British_Shorthair_158.jpg,0
Siamese_199.jpg,0
leonberger_114.jpg,1
havanese_186.jpg,1
British_Shorthair_201.jpg,0
american_bulldog_18.jpg,1
american_pit_bull_terrier_171.jpg,1
Ragdoll_171.jpg,0
boxer_119.jpg,1
scottish_terrier_104.jpg,1
english_setter_176.jpg,1
Persian_155.jpg,0
german_shorthaired_133.jpg,1
beagle_117.jpg,1
Egyptian_Mau_11.jpg,0
american_pit_bull_terrier_116.jpg,1
Siamese_201.jpg,0
Sphynx_129.jpg,0
staffordshire_bull_terrier_179.jpg,1
leonberger_116.jpg,1
pug_160.jpg,1
yorkshire_terrier_182.jpg,1
newfoundland_190.jpg,1
boxer_167.jpg,1
beagle_148.jpg,1
keeshond_188.jpg,1
basset_hound_17.jpg,1
samoyed_128.jpg,1
Egyptian_Mau_115.jpg,0
Sphynx_105.jpg,0
beagle_133.jpg,1
german_shorthaired_111.jpg,1
basset_hound_165.jpg,1
scottish_terrier_134.jpg,1
newfoundland_119.jpg,1
wheaten_terrier_14.jpg,1
Ragdoll_182.jpg,0
Birman_142.jpg,0
saint_bernard_110.jpg,1
chihuahua_119.jpg,1
german_shorthaired_155.jpg,1
german_shorthaired_122.jpg,1
pug_119.jpg,1
keeshond_137.jpg,1
Sphynx_126.jpg,0
american_pit_bull_terrier_142.jpg,1
keeshond_154.jpg,1
Bengal_105.jpg,0
great_pyrenees_162.jpg,1
Birman_185.jpg,0
great_pyrenees_159.jpg,1
yorkshire_terrier_190.jpg,1
miniature_pinscher_129.jpg,1
boxer_137.jpg,1
Russian_Blue_164.jpg,0
havanese_108.jpg,1
Siamese_18.jpg,0
newfoundland_134.jpg,1
Russian_Blue_166.jpg,0
staffordshire_bull_terrier_17.jpg,1
Bengal_140.jpg,0
miniature_pinscher_116.jpg,1
miniature_pinscher_174.jpg,1
staffordshire_bull_terrier_132.jpg,1
boxer_140.jpg,1
Siamese_102.jpg,0
Birman_113.jpg,0
english_setter_118.jpg,1
scottish_terrier_103.jpg,1
boxer_154.jpg,1
beagle_181.jpg,1
pug_176.jpg,1
Siamese_167.jpg,0
chihuahua_154.jpg,1
american_pit_bull_terrier_153.jpg,1
leonberger_174.jpg,1
scottish_terrier_118.jpg,1
boxer_160.jpg,1
great_pyrenees_150.jpg,1
Ragdoll_168.jpg,0
havanese_124.jpg,1
american_pit_bull_terrier_109.jpg,1
Sphynx_158.jpg,0
chihuahua_169.jpg,1
english_cocker_spaniel_167.jpg,1
pomeranian_186.jpg,1
pomeranian_183.jpg,1
Bengal_191.jpg,0
Ragdoll_16.jpg,0
newfoundland_14.jpg,1
american_pit_bull_terrier_188.jpg,1
British_Shorthair_144.jpg,0
Bengal_107.jpg,0
Abyssinian_106.jpg,0
Maine_Coon_203.jpg,0
saint_bernard_13.jpg,1
Ragdoll_183.jpg,0
keeshond_126.jpg,1
saint_bernard_185.jpg,1
Ragdoll_181.jpg,0
boxer_107.jpg,1
wheaten_terrier_158.jpg,1
pug_179.jpg,1
havanese_174.jpg,1
yorkshire_terrier_100.jpg,1
great_pyrenees_115.jpg,1
german_shorthaired_157.jpg,1
Abyssinian_195.jpg,0
Abyssinian_139.jpg,0
Ragdoll_189.jpg,0
Bombay_176.jpg,0
staffordshire_bull_terrier_167.jpg,1
Abyssinian_122.jpg,0
english_setter_18.jpg,1
Birman_174.jpg,0
samoyed_100.jpg,1
pug_105.jpg,1
great_pyrenees_167.jpg,1
samoyed_176.jpg,1
wheaten_terrier_169.jpg,1
Siamese_191.jpg,0
wheaten_terrier_173.jpg,1
newfoundland_106.jpg,1
newfoundland_151.jpg,1
leonberger_124.jpg,1
Abyssinian_161.jpg,0
wheaten_terrier_149.jpg,1
chihuahua_108.jpg,1
japanese_chin_188.jpg,1
Egyptian_Mau_134.jpg,0
newfoundland_156.jpg,1
Abyssinian_128.jpg,0
Persian_166.jpg,0
Ragdoll_176.jpg,0
boxer_183.jpg,1
Birman_111.jpg,0
english_cocker_spaniel_113.jpg,1
Bengal_165.jpg,0
staffordshire_bull_terrier_121.jpg,1
basset_hound_14.jpg,1
havanese_121.jpg,1
havanese_133.jpg,1
Birman_173.jpg,0
keeshond_155.jpg,1
Sphynx_179.jpg,0
scottish_terrier_174.jpg,1
scottish_terrier_121.jpg,1
japanese_chin_132.jpg,1
english_cocker_spaniel_171.jpg,1
wheaten_terrier_126.jpg,1
saint_bernard_124.jpg,1
Ragdoll_113.jpg,0
Persian_131.jpg,0
Bengal_170.jpg,0
great_pyrenees_118.jpg,1
British_Shorthair_133.jpg,0
Sphynx_102.jpg,0
Persian_140.jpg,0
Bengal_127.jpg,0
american_bulldog_180.jpg,1
havanese_118.jpg,1
beagle_122.jpg,1
Birman_175.jpg,0
Ragdoll_115.jpg,0
japanese_chin_133.jpg,1
pomeranian_152.jpg,1
havanese_177.jpg,1
chihuahua_123.jpg,1
great_pyrenees_160.jpg,1
pomeranian_177.jpg,1
american_pit_bull_terrier_180.jpg,1
Siamese_135.jpg,0
pomeranian_143.jpg,1
wheaten_terrier_189.jpg,1
yorkshire_terrier_173.jpg,1
yorkshire_terrier_12.jpg,1
american_bulldog_181.jpg,1
Egyptian_Mau_179.jpg,0
wheaten_terrier_135.jpg,1
german_shorthaired_182.jpg,1
havanese_147.jpg,1
basset_hound_164.jpg,1
miniature_pinscher_100.jpg,1
Bombay_129.jpg,0
Birman_100.jpg,0
newfoundland_140.jpg,1
keeshond_151.jpg,1
Persian_193.jpg,0
Egyptian_Mau_185.jpg,0
pomeranian_110.jpg,1
japanese_chin_101.jpg,1
wheaten_terrier_181.jpg,1
american_bulldog_138.jpg,1
leonberger_189.jpg,1
Birman_161.jpg,0
British_Shorthair_10.jpg,0
leonberger_175.jpg,1
Birman_151.jpg,0
beagle_169.jpg,1
Maine_Coon_214.jpg,0
leonberger_118.jpg,1
Bombay_159.jpg,0
newfoundland_136.jpg,1
saint_bernard_190.jpg,1
Russian_Blue_140.jpg,0
saint_bernard_106.jpg,1
samoyed_189.jpg,1
english_cocker_spaniel_148.jpg,1
american_bulldog_199.jpg,1
Bengal_130.jpg,0
german_shorthaired_128.jpg,1
newfoundland_157.jpg,1
scottish_terrier_125.jpg,1
British_Shorthair_109.jpg,0
chihuahua_15.jpg,1
american_pit_bull_terrier_125.jpg,1
British_Shorthair_136.jpg,0
boxer_139.jpg,1
Bengal_151.jpg,0
german_shorthaired_170.jpg,1
Russian_Blue_194.jpg,0
leonberger_13.jpg,1
boxer_159.jpg,1
boxer_17.jpg,1
leonberger_166.jpg,1
boxer_145.jpg,1
Birman_130.jpg,0
wheaten_terrier_168.jpg,1
Russian_Blue_175.jpg,0
american_bulldog_166.jpg,1
american_pit_bull_terrier_118.jpg,1
havanese_115.jpg,1
english_cocker_spaniel_128.jpg,1
wheaten_terrier_112.jpg,1
Siamese_182.jpg,0
great_pyrenees_175.jpg,1
Bengal_144.jpg,0
wheaten_terrier_138.jpg,1
scottish_terrier_144.jpg,1
japanese_chin_164.jpg,1
Bengal_163.jpg,0
Persian_123.jpg,0
keeshond_163.jpg,1
great_pyrenees_18.jpg,1
miniature_pinscher_18.jpg,1
pomeranian_100.jpg,1
Sphynx_205.jpg,0
japanese_chin_136.jpg,1
Birman_112.jpg,0
japanese_chin_126.jpg,1
Maine_Coon_100.jpg,0
Sphynx_197.jpg,0
Sphynx_137.jpg,0
Bombay_140.jpg,0
Birman_136.jpg,0
samoyed_104.jpg,1
japanese_chin_168.jpg,1
Bengal_176.jpg,0
miniature_pinscher_112.jpg,1
wheaten_terrier_106.jpg,1
British_Shorthair_161.jpg,0
Abyssinian_169.jpg,0
Abyssinian_143.jpg,0
boxer_130.jpg,1
pug_16.jpg,1
Siamese_120.jpg,0
chihuahua_136.jpg,1
Siamese_205.jpg,0
miniature_pinscher_106.jpg,1
Bombay_156.jpg,0
Egyptian_Mau_128.jpg,0
staffordshire_bull_terrier_177.jpg,1
Maine_Coon_135.jpg,0
keeshond_116.jpg,1
scottish_terrier_100.jpg,1
Ragdoll_160.jpg,0
japanese_chin_115.jpg,1
Egyptian_Mau_182.jpg,0
yorkshire_terrier_14.jpg,1
saint_bernard_130.jpg,1
newfoundland_132.jpg,1
Egyptian_Mau_123.jpg,0
Bengal_167.jpg,0
British_Shorthair_186.jpg,0
samoyed_151.jpg,1
havanese_170.jpg,1
keeshond_110.jpg,1
Russian_Blue_174.jpg,0
shiba_inu_15.jpg,1
great_pyrenees_182.jpg,1
shiba_inu_122.jpg,1
chihuahua_183.jpg,1
pug_180.jpg,1
shiba_inu_154.jpg,1
wheaten_terrier_152.jpg,1
Maine_Coon_195.jpg,0
newfoundland_162.jpg,1
wheaten_terrier_144.jpg,1
staffordshire_bull_terrier_108.jpg,1
american_pit_bull_terrier_154.jpg,1
havanese_173.jpg,1
leonberger_120.jpg,1
Sphynx_139.jpg,0
boxer_113.jpg,1
Ragdoll_161.jpg,0
miniature_pinscher_171.jpg,1
havanese_123.jpg,1
miniature_pinscher_185.jpg,1
saint_bernard_159.jpg,1
staffordshire_bull_terrier_1.jpg,1
Siamese_131.jpg,0
Sphynx_165.jpg,0
pomeranian_124.jpg,1
german_shorthaired_148.jpg,1
english_setter_166.jpg,1
pug_117.jpg,1
chihuahua_179.jpg,1
Russian_Blue_104.jpg,0
Sphynx_189.jpg,0
samoyed_108.jpg,1
saint_bernard_180.jpg,1
Sphynx_188.jpg,0
german_shorthaired_166.jpg,1
Persian_134.jpg,0
boxer_163.jpg,1
British_Shorthair_128.jpg,0
Ragdoll_122.jpg,0
chihuahua_127.jpg,1
saint_bernard_105.jpg,1
scottish_terrier_135.jpg,1
american_bulldog_108.jpg,1
Egyptian_Mau_140.jpg,0
miniature_pinscher_119.jpg,1
chihuahua_118.jpg,1
Sphynx_145.jpg,0
basset_hound_117.jpg,1
boxer_117.jpg,1
staffordshire_bull_terrier_14.jpg,1
Abyssinian_154.jpg,0
english_cocker_spaniel_102.jpg,1
saint_bernard_165.jpg,1
japanese_chin_173.jpg,1
german_shorthaired_169.jpg,1
english_setter_160.jpg,1
yorkshire_terrier_103.jpg,1
miniature_pinscher_120.jpg,1
Bombay_164.jpg,0
english_cocker_spaniel_156.jpg,1
leonberger_169.jpg,1
chihuahua_131.jpg,1
staffordshire_bull_terrier_144.jpg,1
saint_bernard_177.jpg,1
Persian_181.jpg,0
shiba_inu_174.jpg,1
Bombay_127.jpg,0
chihuahua_140.jpg,1
keeshond_123.jpg,1
american_pit_bull_terrier_119.jpg,1
pomeranian_109.jpg,1
Bengal_177.jpg,0
leonberger_113.jpg,1
chihuahua_188.jpg,1
scottish_terrier_110.jpg,1
British_Shorthair_149.jpg,0
Abyssinian_151.jpg,0
american_bulldog_190.jpg,1
Persian_159.jpg,0
great_pyrenees_156.jpg,1
miniature_pinscher_137.jpg,1
Siamese_203.jpg,0
havanese_157.jpg,1
keeshond_187.jpg,1
chihuahua_101.jpg,1
english_cocker_spaniel_180.jpg,1
beagle_166.jpg,1
english_cocker_spaniel_119.jpg,1
german_shorthaired_136.jpg,1
Persian_102.jpg,0
american_pit_bull_terrier_124.jpg,1
Bengal_133.jpg,0
British_Shorthair_107.jpg,0
Siamese_141.jpg,0
yorkshire_terrier_189.jpg,1
wheaten_terrier_141.jpg,1
Ragdoll_197.jpg,0
pug_18.jpg,1
Bombay_1.jpg,0
Ragdoll_100.jpg,0
american_pit_bull_terrier_11.jpg,1
samoyed_149.jpg,1
Abyssinian_165.jpg,0
newfoundland_152.jpg,1
Bombay_133.jpg,0
japanese_chin_170.jpg,1
Russian_Blue_200.jpg,0
Sphynx_164.jpg,0
american_pit_bull_terrier_108.jpg,1
Bengal_160.jpg,0
basset_hound_112.jpg,1
Birman_103.jpg,0
american_pit_bull_terrier_130.jpg,1
chihuahua_163.jpg,1
japanese_chin_172.jpg,1
Siamese_179.jpg,0
american_bulldog_110.jpg,1
miniature_pinscher_170.jpg,1
pug_148.jpg,1
japanese_chin_139.jpg,1
chihuahua_17.jpg,1
Egyptian_Mau_170.jpg,0
beagle_17.jpg,1
Siamese_150.jpg,0
Egyptian_Mau_149.jpg,0
staffordshire_bull_terrier_196.jpg,1
yorkshire_terrier_117.jpg,1
basset_hound_156.jpg,1
american_bulldog_132.jpg,1
newfoundland_181.jpg,1
yorkshire_terrier_169.jpg,1
Abyssinian_12.jpg,0
great_pyrenees_186.jpg,1
Egyptian_Mau_197.jpg,0
Maine_Coon_112.jpg,0
Birman_189.jpg,0
beagle_120.jpg,1
Maine_Coon_191.jpg,0
beagle_158.jpg,1
Abyssinian_182.jpg,0
american_pit_bull_terrier_175.jpg,1
Egyptian_Mau_131.jpg,0
Egyptian_Mau_117.jpg,0
english_cocker_spaniel_11.jpg,1
wheaten_terrier_11.jpg,1
english_cocker_spaniel_138.jpg,1
boxer_156.jpg,1
Bengal_131.jpg,0
staffordshire_bull_terrier_149.jpg,1
Sphynx_203.jpg,0
shiba_inu_156.jpg,1
saint_bernard_186.jpg,1
samoyed_137.jpg,1
Ragdoll_104.jpg,0
Maine_Coon_169.jpg,0
yorkshire_terrier_139.jpg,1
german_shorthaired_127.jpg,1
german_shorthaired_116.jpg,1
pomeranian_165.jpg,1
yorkshire_terrier_111.jpg,1
Egyptian_Mau_107.jpg,0
British_Shorthair_151.jpg,0
wheaten_terrier_15.jpg,1
Ragdoll_118.jpg,0
samoyed_103.jpg,1
keeshond_136.jpg,1
boxer_181.jpg,1
Ragdoll_140.jpg,0
Birman_18.jpg,0
beagle_114.jpg,1
Bombay_189.jpg,0
Sphynx_143.jpg,0
english_cocker_spaniel_13.jpg,1
leonberger_158.jpg,1
saint_bernard_14.jpg,1
pomeranian_145.jpg,1
yorkshire_terrier_144.jpg,1
american_pit_bull_terrier_166.jpg,1
staffordshire_bull_terrier_101.jpg,1
Bengal_120.jpg,0
Bengal_121.jpg,0
havanese_143.jpg,1
basset_hound_146.jpg,1
Siamese_154.jpg,0
miniature_pinscher_177.jpg,1
shiba_inu_190.jpg,1
saint_bernard_131.jpg,1
Birman_149.jpg,0
english_cocker_spaniel_142.jpg,1
shiba_inu_186.jpg,1
staffordshire_bull_terrier_122.jpg,1
english_cocker_spaniel_140.jpg,1
havanese_175.jpg,1
Sphynx_114.jpg,0
keeshond_13.jpg,1
american_bulldog_173.jpg,1
yorkshire_terrier_128.jpg,1
British_Shorthair_170.jpg,0
British_Shorthair_155.jpg,0
beagle_160.jpg,1
great_pyrenees_157.jpg,1
basset_hound_126.jpg,1
keeshond_166.jpg,1
Maine_Coon_210.jpg,0
basset_hound_161.jpg,1
shiba_inu_194.jpg,1
saint_bernard_100.jpg,1
leonberger_18.jpg,1
great_pyrenees_101.jpg,1
Bombay_172.jpg,0
Persian_162.jpg,0
staffordshire_bull_terrier_137.jpg,1
samoyed_111.jpg,1
beagle_194.jpg,1
english_setter_103.jpg,1
beagle_135.jpg,1
basset_hound_16.jpg,1
Egyptian_Mau_165.jpg,0
american_pit_bull_terrier_17.jpg,1
pomeranian_148.jpg,1
Maine_Coon_182.jpg,0
wheaten_terrier_120.jpg,1
beagle_108.jpg,1
pug_149.jpg,1
yorkshire_terrier_158.jpg,1
boxer_142.jpg,1
scottish_terrier_138.jpg,1
english_cocker_spaniel_133.jpg,1
keeshond_141.jpg,1
pug_172.jpg,1
japanese_chin_152.jpg,1
Sphynx_192.jpg,0
staffordshire_bull_terrier_170.jpg,1
boxer_152.jpg,1
japanese_chin_190.jpg,1
Abyssinian_174.jpg,0
British_Shorthair_154.jpg,0
american_pit_bull_terrier_10.jpg,1
Ragdoll_196.jpg,0
Ragdoll_163.jpg,0
boxer_103.jpg,1
Ragdoll_12.jpg,0
yorkshire_terrier_17.jpg,1
Maine_Coon_151.jpg,0
american_pit_bull_terrier_129.jpg,1
saint_bernard_103.jpg,1
shiba_inu_110.jpg,1
pug_145.jpg,1
Persian_20.jpg,0
wheaten_terrier_167.jpg,1
keeshond_148.jpg,1
saint_bernard_164.jpg,1
german_shorthaired_102.jpg,1
wheaten_terrier_128.jpg,1
Egyptian_Mau_146.jpg,0
Siamese_202.jpg,0
american_bulldog_194.jpg,1
american_bulldog_104.jpg,1
Siamese_168.jpg,0
leonberger_165.jpg,1
english_cocker_spaniel_141.jpg,1
Persian_101.jpg,0
great_pyrenees_189.jpg,1
german_shorthaired_108.jpg,1
Persian_164.jpg,0
saint_bernard_122.jpg,1
newfoundland_129.jpg,1
english_cocker_spaniel_12.jpg,1
miniature_pinscher_166.jpg,1
newfoundland_139.jpg,1
japanese_chin_181.jpg,1
yorkshire_terrier_107.jpg,1
leonberger_144.jpg,1
german_shorthaired_177.jpg,1
shiba_inu_109.jpg,1
British_Shorthair_207.jpg,0
beagle_162.jpg,1
english_cocker_spaniel_185.jpg,1
english_cocker_spaniel_16.jpg,1
shiba_inu_133.jpg,1
staffordshire_bull_terrier_117.jpg,1
newfoundland_133.jpg,1
miniature_pinscher_179.jpg,1
american_pit_bull_terrier_111.jpg,1
chihuahua_135.jpg,1
wheaten_terrier_171.jpg,1
British_Shorthair_102.jpg,0
german_shorthaired_132.jpg,1
german_shorthaired_138.jpg,1
Bombay_14.jpg,0
Siamese_157.jpg,0
saint_bernard_160.jpg,1
leonberger_147.jpg,1
english_cocker_spaniel_115.jpg,1
Bengal_109.jpg,0
Birman_10.jpg,0
Ragdoll_156.jpg,0
British_Shorthair_189.jpg,0
english_cocker_spaniel_165.jpg,1
Siamese_162.jpg,0
Bengal_118.jpg,0
havanese_160.jpg,1
Bombay_167.jpg,0
pomeranian_146.jpg,1
beagle_121.jpg,1
american_bulldog_121.jpg,1
japanese_chin_180.jpg,1
german_shorthaired_15.jpg,1
boxer_12.jpg,1
american_bulldog_100.jpg,1
Siamese_159.jpg,0
staffordshire_bull_terrier_114.jpg,1
saint_bernard_117.jpg,1
Siamese_139.jpg,0
Egyptian_Mau_105.jpg,0
leonberger_126.jpg,1
Russian_Blue_129.jpg,0
Sphynx_182.jpg,0
great_pyrenees_111.jpg,1
english_setter_144.jpg,1
Siamese_171.jpg,0
saint_bernard_150.jpg,1
British_Shorthair_190.jpg,0
beagle_154.jpg,1
Russian_Blue_154.jpg,0
Ragdoll_127.jpg,0
basset_hound_174.jpg,1
staffordshire_bull_terrier_141.jpg,1
havanese_12.jpg,1
newfoundland_161.jpg,1
chihuahua_111.jpg,1
staffordshire_bull_terrier_194.jpg,1
yorkshire_terrier_181.jpg,1
Birman_159.jpg,0
german_shorthaired_151.jpg,1
german_shorthaired_190.jpg,1
Sphynx_157.jpg,0
great_pyrenees_14.jpg,1
Russian_Blue_178.jpg,0
saint_bernard_188.jpg,1
saint_bernard_111.jpg,1
Maine_Coon_13.jpg,0
boxer_143.jpg,1
Bengal_14.jpg,0
scottish_terrier_143.jpg,1
Persian_170.jpg,0
english_setter_157.jpg,1
english_cocker_spaniel_106.jpg,1
Egyptian_Mau_104.jpg,0
pomeranian_176.jpg,1
great_pyrenees_116.jpg,1
keeshond_182.jpg,1
leonberger_132.jpg,1
Persian_104.jpg,0
samoyed_184.jpg,1
chihuahua_146.jpg,1
Ragdoll_128.jpg,0
german_shorthaired_142.jpg,1
Russian_Blue_162.jpg,0
english_setter_180.jpg,1
american_pit_bull_terrier_134.jpg,1
english_cocker_spaniel_186.jpg,1
keeshond_139.jpg,1
Egyptian_Mau_132.jpg,0
pomeranian_113.jpg,1
pug_128.jpg,1
american_bulldog_167.jpg,1
miniature_pinscher_105.jpg,1
american_pit_bull_terrier_148.jpg,1
scottish_terrier_168.jpg,1
newfoundland_111.jpg,1
yorkshire_terrier_172.jpg,1
British_Shorthair_134.jpg,0
Ragdoll_159.jpg,0
havanese_15.jpg,1
miniature_pinscher_12.jpg,1
great_pyrenees_125.jpg,1
samoyed_127.jpg,1
pug_181.jpg,1
Persian_163.jpg,0
chihuahua_184.jpg,1
samoyed_145.jpg,1
havanese_161.jpg,1
Egyptian_Mau_189.jpg,0
Bengal_188.jpg,0
Birman_172.jpg,0
Abyssinian_137.jpg,0
leonberger_136.jpg,1
wheaten_terrier_131.jpg,1
shiba_inu_19.jpg,1
staffordshire_bull_terrier_135.jpg,1
american_pit_bull_terrier_14.jpg,1
Egyptian_Mau_124.jpg,0
Ragdoll_179.jpg,0
shiba_inu_101.jpg,1
english_setter_142.jpg,1
american_pit_bull_terrier_156.jpg,1
english_setter_164.jpg,1
yorkshire_terrier_138.jpg,1
pomeranian_161.jpg,1
boxer_133.jpg,1
saint_bernard_141.jpg,1
german_shorthaired_131.jpg,1
Russian_Blue_188.jpg,0
samoyed_115.jpg,1
basset_hound_137.jpg,1
havanese_111.jpg,1
Bombay_148.jpg,0
havanese_126.jpg,1
beagle_177.jpg,1
german_shorthaired_129.jpg,1
Maine_Coon_158.jpg,0
Russian_Blue_182.jpg,0
Bombay_182.jpg,0
shiba_inu_166.jpg,1
wheaten_terrier_10.jpg,1
pomeranian_121.jpg,1
samoyed_16.jpg,1
saint_bernard_184.jpg,1
Persian_114.jpg,0
Maine_Coon_116.jpg,0
pug_157.jpg,1
pomeranian_133.jpg,1
wheaten_terrier_100.jpg,1
yorkshire_terrier_157.jpg,1
english_cocker_spaniel_174.jpg,1
miniature_pinscher_130.jpg,1
Egyptian_Mau_127.jpg,0
Birman_126.jpg,0
basset_hound_143.jpg,1
scottish_terrier_154.jpg,1
Persian_168.jpg,0
Persian_132.jpg,0
British_Shorthair_187.jpg,0
shiba_inu_180.jpg,1
havanese_166.jpg,1
British_Shorthair_113.jpg,0
shiba_inu_11.jpg,1
Birman_131.jpg,0
great_pyrenees_107.jpg,1
beagle_144.jpg,1
Birman_118.jpg,0
shiba_inu_193.jpg,1
havanese_130.jpg,1
leonberger_153.jpg,1
Russian_Blue_143.jpg,0
Persian_138.jpg,0
shiba_inu_135.jpg,1
Siamese_109.jpg,0
keeshond_168.jpg,1
leonberger_101.jpg,1
basset_hound_149.jpg,1
english_cocker_spaniel_139.jpg,1
Birman_114.jpg,0
german_shorthaired_125.jpg,1
great_pyrenees_151.jpg,1
miniature_pinscher_167.jpg,1
Maine_Coon_142.jpg,0
Persian_147.jpg,0
staffordshire_bull_terrier_174.jpg,1
Abyssinian_152.jpg,0
japanese_chin_142.jpg,1
keeshond_143.jpg,1
staffordshire_bull_terrier_198.jpg,1
english_cocker_spaniel_158.jpg,1
scottish_terrier_176.jpg,1
Persian_125.jpg,0
miniature_pinscher_158.jpg,1
keeshond_18.jpg,1
Persian_136.jpg,0
Siamese_180.jpg,0
great_pyrenees_17.jpg,1
Bengal_156.jpg,0
Bombay_108.jpg,0
Maine_Coon_115.jpg,0
beagle_124.jpg,1
chihuahua_187.jpg,1
english_setter_179.jpg,1
Birman_145.jpg,0
Abyssinian_168.jpg,0
keeshond_11.jpg,1
havanese_122.jpg,1
great_pyrenees_185.jpg,1
chihuahua_107.jpg,1
Birman_120.jpg,0
german_shorthaired_120.jpg,1
scottish_terrier_132.jpg,1
Bengal_15.jpg,0
great_pyrenees_188.jpg,1
havanese_129.jpg,1
Siamese_188.jpg,0
scottish_terrier_18.jpg,1
Persian_173.jpg,0
chihuahua_100.jpg,1
samoyed_107.jpg,1
samoyed_186.jpg,1
shiba_inu_139.jpg,1
german_shorthaired_107.jpg,1
Sphynx_19.jpg,0
shiba_inu_104.jpg,1
yorkshire_terrier_171.jpg,1
shiba_inu_14.jpg,1
pug_142.jpg,1
beagle_14.jpg,1
Bengal_108.jpg,0
Egyptian_Mau_102.jpg,0
Bengal_184.jpg,0
shiba_inu_146.jpg,1
Birman_147.jpg,0
Sphynx_178.jpg,0
pomeranian_106.jpg,1
wheaten_terrier_16.jpg,1
keeshond_101.jpg,1
keeshond_122.jpg,1
Birman_157.jpg,0
Birman_13.jpg,0
Russian_Blue_123.jpg,0
english_cocker_spaniel_154.jpg,1
german_shorthaired_189.jpg,1
beagle_179.jpg,1
Siamese_185.jpg,0
shiba_inu_153.jpg,1
pug_139.jpg,1
pug_191.jpg,1
Persian_196.jpg,0
newfoundland_104.jpg,1
boxer_153.jpg,1
english_cocker_spaniel_132.jpg,1
english_cocker_spaniel_100.jpg,1
leonberger_185.jpg,1
Bengal_129.jpg,0
pomeranian_164.jpg,1
Abyssinian_144.jpg,0
great_pyrenees_143.jpg,1
boxer_155.jpg,1
scottish_terrier_105.jpg,1
chihuahua_168.jpg,1
Bombay_119.jpg,0
japanese_chin_186.jpg,1
Persian_190.jpg,0
Russian_Blue_171.jpg,0
leonberger_168.jpg,1
miniature_pinscher_139.jpg,1
yorkshire_terrier_127.jpg,1
leonberger_155.jpg,1
Russian_Blue_149.jpg,0
havanese_110.jpg,1
leonberger_150.jpg,1
Sphynx_134.jpg,0
pug_137.jpg,1
keeshond_180.jpg,1
great_pyrenees_12.jpg,1
Sphynx_132.jpg,0
Ragdoll_138.jpg,0
english_setter_187.jpg,1
german_shorthaired_109.jpg,1
english_cocker_spaniel_105.jpg,1
staffordshire_bull_terrier_181.jpg,1
german_shorthaired_178.jpg,1
japanese_chin_138.jpg,1
Siamese_143.jpg,0
miniature_pinscher_15.jpg,1
american_pit_bull_terrier_189.jpg,1
keeshond_112.jpg,1
english_cocker_spaniel_168.jpg,1
keeshond_12.jpg,1
British_Shorthair_167.jpg,0
keeshond_105.jpg,1
keeshond_14.jpg,1
havanese_156.jpg,1
pomeranian_158.jpg,1
english_setter_177.jpg,1
english_cocker_spaniel_188.jpg,1
Maine_Coon_138.jpg,0
basset_hound_145.jpg,1
english_setter_171.jpg,1
Sphynx_15.jpg,0
Birman_141.jpg,0
havanese_102.jpg,1
japanese_chin_15.jpg,1
Birman_165.jpg,0
Sphynx_160.jpg,0
Siamese_148.jpg,0
scottish_terrier_122.jpg,1
leonberger_17.jpg,1
Egyptian_Mau_187.jpg,0
Persian_108.jpg,0
japanese_chin_185.jpg,1
samoyed_118.jpg,1
pomeranian_137.jpg,1
Ragdoll_139.jpg,0
english_setter_161.jpg,1
Bombay_185.jpg,0
staffordshire_bull_terrier_185.jpg,1
american_bulldog_137.jpg,1
Bombay_188.jpg,0
basset_hound_121.jpg,1
scottish_terrier_161.jpg,1
Bombay_114.jpg,0
Maine_Coon_101.jpg,0
pug_112.jpg,1
staffordshire_bull_terrier_112.jpg,1
miniature_pinscher_163.jpg,1
wheaten_terrier_153.jpg,1
havanese_139.jpg,1
Birman_119.jpg,0
beagle_107.jpg,1
yorkshire_terrier_132.jpg,1
leonberger_142.jpg,1
havanese_128.jpg,1
japanese_chin_134.jpg,1
saint_bernard_10.jpg,1
beagle_193.jpg,1
Maine_Coon_204.jpg,0
basset_hound_139.jpg,1
Persian_213.jpg,0
yorkshire_terrier_137.jpg,1
Bombay_181.jpg,0
english_setter_130.jpg,1
miniature_pinscher_138.jpg,1
havanese_18.jpg,1
basset_hound_103.jpg,1
staffordshire_bull_terrier_106.jpg,1
newfoundland_174.jpg,1
Birman_160.jpg,0
Egyptian_Mau_184.jpg,0
english_cocker_spaniel_15.jpg,1
newfoundland_154.jpg,1
Russian_Blue_133.jpg,0
scottish_terrier_130.jpg,1
Siamese_207.jpg,0
pomeranian_108.jpg,1
Abyssinian_18.jpg,0
Russian_Blue_127.jpg,0
British_Shorthair_15.jpg,0
British_Shorthair_17.jpg,0
boxer_14.jpg,1
Russian_Blue_159.jpg,0
samoyed_120.jpg,1
Ragdoll_166.jpg,0
staffordshire_bull_terrier_113.jpg,1
Persian_191.jpg,0
american_pit_bull_terrier_182.jpg,1
pomeranian_180.jpg,1
Persian_17.jpg,0
miniature_pinscher_121.jpg,1
scottish_terrier_188.jpg,1
Sphynx_152.jpg,0
Birman_106.jpg,0
pug_11.jpg,1
British_Shorthair_118.jpg,0
Sphynx_148.jpg,0
Sphynx_171.jpg,0
Egyptian_Mau_101.jpg,0
chihuahua_182.jpg,1
pug_182.jpg,1
leonberger_160.jpg,1
boxer_121.jpg,1
leonberger_146.jpg,1
wheaten_terrier_114.jpg,1
samoyed_183.jpg,1
scottish_terrier_13.jpg,1
english_setter_111.jpg,1
chihuahua_102.jpg,1
Sphynx_200.jpg,0
Maine_Coon_16.jpg,0
german_shorthaired_18.jpg,1
Abyssinian_116.jpg,0
beagle_189.jpg,1
Egyptian_Mau_125.jpg,0
german_shorthaired_113.jpg,1
pug_108.jpg,1
keeshond_145.jpg,1
newfoundland_164.jpg,1
staffordshire_bull_terrier_184.jpg,1
scottish_terrier_163.jpg,1
Bengal_179.jpg,0
saint_bernard_163.jpg,1
Birman_181.jpg,0
yorkshire_terrier_167.jpg,1
Ragdoll_191.jpg,0
pomeranian_178.jpg,1
Siamese_104.jpg,0
chihuahua_110.jpg,1
samoyed_163.jpg,1
basset_hound_155.jpg,1
shiba_inu_142.jpg,1
Sphynx_181.jpg,0
Siamese_117.jpg,0
english_setter_119.jpg,1
miniature_pinscher_187.jpg,1
Ragdoll_121.jpg,0
leonberger_104.jpg,1
samoyed_170.jpg,1
basset_hound_140.jpg,1
British_Shorthair_197.jpg,0
miniature_pinscher_17.jpg,1
Bombay_141.jpg,0
Maine_Coon_128.jpg,0
Maine_Coon_160.jpg,0
japanese_chin_135.jpg,1
american_bulldog_112.jpg,1
german_shorthaired_143.jpg,1
havanese_152.jpg,1
english_cocker_spaniel_147.jpg,1
Egyptian_Mau_144.jpg,0
newfoundland_130.jpg,1
english_cocker_spaniel_124.jpg,1
english_cocker_spaniel_108.jpg,1
Abyssinian_180.jpg,0
pug_104.jpg,1
wheaten_terrier_115.jpg,1
english_setter_183.jpg,1
miniature_pinscher_153.jpg,1
Birman_164.jpg,0
chihuahua_115.jpg,1
american_bulldog_126.jpg,1
english_setter_168.jpg,1
samoyed_117.jpg,1
japanese_chin_149.jpg,1
boxer_185.jpg,1
scottish_terrier_109.jpg,1
english_setter_163.jpg,1
basset_hound_107.jpg,1
basset_hound_176.jpg,1
american_bulldog_147.jpg,1
english_setter_125.jpg,1
german_shorthaired_156.jpg,1
samoyed_144.jpg,1
pomeranian_114.jpg,1
beagle_126.jpg,1
beagle_190.jpg,1
english_cocker_spaniel_116.jpg,1
Ragdoll_170.jpg,0
newfoundland_184.jpg,1
english_cocker_spaniel_117.jpg,1
saint_bernard_115.jpg,1
samoyed_178.jpg,1
Russian_Blue_109.jpg,0
leonberger_111.jpg,1
english_cocker_spaniel_145.jpg,1
leonberger_108.jpg,1
leonberger_170.jpg,1
american_pit_bull_terrier_169.jpg,1
beagle_185.jpg,1
yorkshire_terrier_151.jpg,1
english_cocker_spaniel_136.jpg,1
Birman_184.jpg,0
Maine_Coon_102.jpg,0
wheaten_terrier_145.jpg,1
japanese_chin_147.jpg,1
Ragdoll_187.jpg,0
Russian_Blue_117.jpg,0
pug_159.jpg,1
chihuahua_155.jpg,1
american_bulldog_117.jpg,1
chihuahua_124.jpg,1
newfoundland_105.jpg,1
american_pit_bull_terrier_174.jpg,1
pomeranian_127.jpg,1
english_setter_124.jpg,1
saint_bernard_162.jpg,1
British_Shorthair_177.jpg,0
havanese_169.jpg,1
japanese_chin_150.jpg,1
staffordshire_bull_terrier_110.jpg,1
miniature_pinscher_136.jpg,1
Birman_12.jpg,0
scottish_terrier_129.jpg,1
american_bulldog_151.jpg,1
yorkshire_terrier_104.jpg,1
havanese_16.jpg,1
newfoundland_175.jpg,1
basset_hound_104.jpg,1
yorkshire_terrier_170.jpg,1
Siamese_103.jpg,0
Maine_Coon_173.jpg,0
yorkshire_terrier_186.jpg,1
wheaten_terrier_165.jpg,1
english_setter_116.jpg,1
yorkshire_terrier_131.jpg,1
Bengal_17.jpg,0
pomeranian_112.jpg,1
shiba_inu_162.jpg,1
Siamese_137.jpg,0
english_setter_109.jpg,1
american_bulldog_13.jpg,1
Maine_Coon_111.jpg,0
samoyed_157.jpg,1
Maine_Coon_121.jpg,0
boxer_141.jpg,1
leonberger_181.jpg,1
Russian_Blue_12.jpg,0
american_pit_bull_terrier_163.jpg,1
Birman_129.jpg,0
chihuahua_132.jpg,1
pomeranian_117.jpg,1
american_pit_bull_terrier_179.jpg,1
english_setter_133.jpg,1
Russian_Blue_131.jpg,0
basset_hound_100.jpg,1
samoyed_134.jpg,1
Sphynx_175.jpg,0
german_shorthaired_152.jpg,1
german_shorthaired_175.jpg,1
Ragdoll_124.jpg,0
Russian_Blue_168.jpg,0
Maine_Coon_104.jpg,0
Abyssinian_16.jpg,0
samoyed_114.jpg,1
boxer_184.jpg,1
saint_bernard_167.jpg,1
Siamese_112.jpg,0
Persian_133.jpg,0
shiba_inu_172.jpg,1
american_pit_bull_terrier_128.jpg,1
Bengal_103.jpg,0
keeshond_146.jpg,1
pug_154.jpg,1
basset_hound_173.jpg,1
great_pyrenees_132.jpg,1
miniature_pinscher_125.jpg,1
keeshond_170.jpg,1
chihuahua_106.jpg,1
boxer_135.jpg,1
Siamese_14.jpg,0
basset_hound_168.jpg,1
leonberger_106.jpg,1
Ragdoll_101.jpg,0
samoyed_142.jpg,1
British_Shorthair_148.jpg,0
english_setter_129.jpg,1
Persian_149.jpg,0
pug_15.jpg,1
Bombay_151.jpg,0
american_bulldog_10.jpg,1
great_pyrenees_149.jpg,1
Siamese_19.jpg,0
boxer_162.jpg,1
British_Shorthair_112.jpg,0
Maine_Coon_129.jpg,0
great_pyrenees_178.jpg,1
Bengal_128.jpg,0
english_cocker_spaniel_164.jpg,1
keeshond_117.jpg,1
Russian_Blue_156.jpg,0
Birman_135.jpg,0
english_cocker_spaniel_172.jpg,1
american_bulldog_189.jpg,1
Persian_129.jpg,0
keeshond_114.jpg,1
miniature_pinscher_101.jpg,1
British_Shorthair_135.jpg,0
german_shorthaired_147.jpg,1
newfoundland_155.jpg,1
wheaten_terrier_133.jpg,1
leonberger_156.jpg,1
great_pyrenees_141.jpg,1
boxer_161.jpg,1
samoyed_146.jpg,1
english_cocker_spaniel_176.jpg,1
pug_147.jpg,1
saint_bernard_114.jpg,1
Birman_109.jpg,0
pomeranian_125.jpg,1
japanese_chin_120.jpg,1
leonberger_176.jpg,1
american_bulldog_148.jpg,1
leonberger_152.jpg,1
Ragdoll_141.jpg,0
Maine_Coon_134.jpg,0
Persian_174.jpg,0
Bombay_130.jpg,0
miniature_pinscher_188.jpg,1
Persian_160.jpg,0
Sphynx_17.jpg,0
Abyssinian_120.jpg,0
shiba_inu_113.jpg,1
american_bulldog_158.jpg,1
japanese_chin_153.jpg,1
boxer_158.jpg,1
miniature_pinscher_146.jpg,1
British_Shorthair_104.jpg,0
basset_hound_148.jpg,1
english_cocker_spaniel_137.jpg,1
Russian_Blue_179.jpg,0
beagle_143.jpg,1
yorkshire_terrier_118.jpg,1
Bombay_154.jpg,0
japanese_chin_143.jpg,1
British_Shorthair_125.jpg,0
havanese_17.jpg,1
yorkshire_terrier_155.jpg,1
pug_187.jpg,1
basset_hound_110.jpg,1
english_setter_178.jpg,1
Bengal_145.jpg,0
pug_175.jpg,1
japanese_chin_151.jpg,1
miniature_pinscher_133.jpg,1
saint_bernard_187.jpg,1
basset_hound_106.jpg,1
american_pit_bull_terrier_18.jpg,1
Birman_188.jpg,0
basset_hound_108.jpg,1
Russian_Blue_118.jpg,0
japanese_chin_160.jpg,1
shiba_inu_152.jpg,1
Persian_156.jpg,0
Bombay_15.jpg,0
havanese_100.jpg,1
Egyptian_Mau_178.jpg,0
keeshond_184.jpg,1
english_cocker_spaniel_17.jpg,1
wheaten_terrier_117.jpg,1
yorkshire_terrier_178.jpg,1
British_Shorthair_110.jpg,0
pomeranian_162.jpg,1
Abyssinian_181.jpg,0
samoyed_124.jpg,1
yorkshire_terrier_142.jpg,1
scottish_terrier_157.jpg,1
British_Shorthair_179.jpg,0
Abyssinian_111.jpg,0
boxer_169.jpg,1
japanese_chin_130.jpg,1
boxer_11.jpg,1
wheaten_terrier_104.jpg,1
Bengal_114.jpg,0
Siamese_144.jpg,0
beagle_110.jpg,1
Ragdoll_119.jpg,0
english_setter_143.jpg,1
german_shorthaired_121.jpg,1
Russian_Blue_184.jpg,0
staffordshire_bull_terrier_102.jpg,1
keeshond_164.jpg,1
beagle_156.jpg,1
Abyssinian_105.jpg,0
basset_hound_175.jpg,1
Ragdoll_150.jpg,0
Ragdoll_202.jpg,0
keeshond_165.jpg,1
Maine_Coon_14.jpg,0
newfoundland_173.jpg,1
japanese_chin_121.jpg,1
saint_bernard_182.jpg,1
Ragdoll_18.jpg,0
yorkshire_terrier_147.jpg,1
german_shorthaired_103.jpg,1
Bengal_149.jpg,0
staffordshire_bull_terrier_188.jpg,1
american_pit_bull_terrier_120.jpg,1
english_setter_184.jpg,1
chihuahua_190.jpg,1
Sphynx_155.jpg,0
Abyssinian_107.jpg,0
Birman_133.jpg,0
basset_hound_115.jpg,1
english_setter_135.jpg,1
beagle_127.jpg,1
Maine_Coon_148.jpg,0
american_bulldog_105.jpg,1
pomeranian_136.jpg,1
american_bulldog_139.jpg,1
american_bulldog_12.jpg,1
shiba_inu_176.jpg,1
Siamese_165.jpg,0
wheaten_terrier_13.jpg,1
english_cocker_spaniel_10.jpg,1
pomeranian_13.jpg,1
shiba_inu_199.jpg,1
samoyed_160.jpg,1
japanese_chin_10.jpg,1
american_bulldog_114.jpg,1
pug_130.jpg,1
Siamese_193.jpg,0
leonberger_129.jpg,1
Ragdoll_142.jpg,0
staffordshire_bull_terrier_143.jpg,1
pug_17.jpg,1
yorkshire_terrier_130.jpg,1
saint_bernard_112.jpg,1
Russian_Blue_115.jpg,0
Birman_168.jpg,0
pug_123.jpg,1
Abyssinian_19.jpg,0
Egyptian_Mau_110.jpg,0
miniature_pinscher_175.jpg,1
Bengal_186.jpg,0
Ragdoll_136.jpg,0
staffordshire_bull_terrier_130.jpg,1
Siamese_196.jpg,0
boxer_182.jpg,1
Persian_15.jpg,0
newfoundland_159.jpg,1
great_pyrenees_179.jpg,1
yorkshire_terrier_126.jpg,1
japanese_chin_122.jpg,1
american_pit_bull_terrier_112.jpg,1
Bombay_178.jpg,0
Ragdoll_152.jpg,0
german_shorthaired_153.jpg,1
newfoundland_179.jpg,1
boxer_102.jpg,1
scottish_terrier_142.jpg,1
miniature_pinscher_126.jpg,1
miniature_pinscher_180.jpg,1
great_pyrenees_170.jpg,1
Sphynx_117.jpg,0
Siamese_186.jpg,0
great_pyrenees_126.jpg,1
miniature_pinscher_173.jpg,1
Sphynx_144.jpg,0
english_setter_149.jpg,1
american_pit_bull_terrier_167.jpg,1
keeshond_120.jpg,1
Abyssinian_167.jpg,0
Bombay_12.jpg,0
japanese_chin_146.jpg,1
chihuahua_181.jpg,1
basset_hound_186.jpg,1
Bengal_178.jpg,0
wheaten_terrier_17.jpg,1
pomeranian_173.jpg,1
pomeranian_18.jpg,1
Bengal_100.jpg,0
pug_103.jpg,1
Russian_Blue_139.jpg,0
Sphynx_111.jpg,0
yorkshire_terrier_165.jpg,1
Sphynx_185.jpg,0
pomeranian_185.jpg,1
miniature_pinscher_144.jpg,1
japanese_chin_167.jpg,1
scottish_terrier_16.jpg,1
english_cocker_spaniel_163.jpg,1
Ragdoll_131.jpg,0
newfoundland_144.jpg,1
Ragdoll_184.jpg,0
american_pit_bull_terrier_105.jpg,1
Bombay_132.jpg,0
Egyptian_Mau_183.jpg,0
Bengal_125.jpg,0
saint_bernard_189.jpg,1
British_Shorthair_117.jpg,0
British_Shorthair_100.jpg,0
basset_hound_170.jpg,1
pug_184.jpg,1
great_pyrenees_163.jpg,1
Russian_Blue_170.jpg,0
leonberger_167.jpg,1
Sphynx_103.jpg,0
basset_hound_144.jpg,1
basset_hound_179.jpg,1
american_bulldog_202.jpg,1
yorkshire_terrier_114.jpg,1
japanese_chin_118.jpg,1
chihuahua_148.jpg,1
Bengal_185.jpg,0
Bengal_119.jpg,0
pomeranian_182.jpg,1
havanese_135.jpg,1
samoyed_18.jpg,1
scottish_terrier_133.jpg,1
beagle_129.jpg,1
chihuahua_178.jpg,1
Russian_Blue_193.jpg,0
Maine_Coon_137.jpg,0
american_pit_bull_terrier_107.jpg,1
beagle_187.jpg,1
Siamese_189.jpg,0
keeshond_118.jpg,1
miniature_pinscher_102.jpg,1
wheaten_terrier_18.jpg,1
Bombay_191.jpg,0
scottish_terrier_156.jpg,1
pug_189.jpg,1
Egyptian_Mau_195.jpg,0
leonberger_182.jpg,1
Egyptian_Mau_194.jpg,0
great_pyrenees_155.jpg,1
Ragdoll_172.jpg,0
leonberger_123.jpg,1
wheaten_terrier_102.jpg,1
Sphynx_124.jpg,0
great_pyrenees_137.jpg,1
german_shorthaired_119.jpg,1
german_shorthaired_179.jpg,1
Russian_Blue_113.jpg,0
samoyed_132.jpg,1
keeshond_107.jpg,1
Abyssinian_179.jpg,0
leonberger_180.jpg,1
samoyed_11.jpg,1
Maine_Coon_108.jpg,0
wheaten_terrier_101.jpg,1
Abyssinian_118.jpg,0
pug_12.jpg,1
havanese_134.jpg,1
saint_bernard_102.jpg,1
shiba_inu_107.jpg,1
german_shorthaired_114.jpg,1
scottish_terrier_116.jpg,1
japanese_chin_137.jpg,1
great_pyrenees_166.jpg,1
yorkshire_terrier_179.jpg,1
Sphynx_119.jpg,0
scottish_terrier_184.jpg,1
British_Shorthair_181.jpg,0
japanese_chin_119.jpg,1
staffordshire_bull_terrier_134.jpg,1
pomeranian_115.jpg,1
boxer_178.jpg,1
Egyptian_Mau_100.jpg,0
american_bulldog_152.jpg,1
wheaten_terrier_121.jpg,1
boxer_180.jpg,1
yorkshire_terrier_187.jpg,1
newfoundland_137.jpg,1
great_pyrenees_120.jpg,1
scottish_terrier_140.jpg,1
Siamese_101.jpg,0
saint_bernard_158.jpg,1
shiba_inu_114.jpg,1
Persian_194.jpg,0
Bombay_136.jpg,0
german_shorthaired_158.jpg,1
great_pyrenees_114.jpg,1
newfoundland_163.jpg,1
pomeranian_11.jpg,1
Siamese_170.jpg,0
British_Shorthair_108.jpg,0
newfoundland_121.jpg,1
Russian_Blue_128.jpg,0
British_Shorthair_157.jpg,0
Persian_184.jpg,0
pomeranian_167.jpg,1
Bombay_115.jpg,0
pomeranian_157.jpg,1
Birman_180.jpg,0
shiba_inu_155.jpg,1
saint_bernard_152.jpg,1
yorkshire_terrier_160.jpg,1
boxer_18.jpg,1
British_Shorthair_119.jpg,0
newfoundland_177.jpg,1
Persian_143.jpg,0
english_cocker_spaniel_169.jpg,1
beagle_18.jpg,1
Russian_Blue_180.jpg,0
staffordshire_bull_terrier_150.jpg,1
american_pit_bull_terrier_170.jpg,1
British_Shorthair_199.jpg,0
english_cocker_spaniel_150.jpg,1
Bengal_166.jpg,0
german_shorthaired_141.jpg,1
British_Shorthair_205.jpg,0
newfoundland_186.jpg,1
Sphynx_156.jpg,0
Bengal_18.jpg,0
english_setter_154.jpg,1
chihuahua_109.jpg,1
Birman_17.jpg,0
beagle_146.jpg,1
Sphynx_168.jpg,0
Russian_Blue_183.jpg,0
Maine_Coon_184.jpg,0
Sphynx_198.jpg,0
Persian_121.jpg,0
japanese_chin_100.jpg,1
scottish_terrier_151.jpg,1
english_cocker_spaniel_152.jpg,1
leonberger_187.jpg,1
american_pit_bull_terrier_186.jpg,1
great_pyrenees_152.jpg,1
Maine_Coon_127.jpg,0
Bengal_183.jpg,0
saint_bernard_136.jpg,1
beagle_125.jpg,1
chihuahua_151.jpg,1
scottish_terrier_17.jpg,1
Bengal_152.jpg,0
Sphynx_199.jpg,0
Siamese_184.jpg,0
Siamese_181.jpg,0
pug_109.jpg,1
english_cocker_spaniel_103.jpg,1
japanese_chin_124.jpg,1
pug_116.jpg,1
Sphynx_14.jpg,0
newfoundland_172.jpg,1
english_cocker_spaniel_187.jpg,1
Sphynx_180.jpg,0
scottish_terrier_150.jpg,1
samoyed_154.jpg,1
Maine_Coon_217.jpg,0
leonberger_10.jpg,1
havanese_101.jpg,1
Siamese_17.jpg,0
pomeranian_118.jpg,1
samoyed_177.jpg,1
Egyptian_Mau_138.jpg,0
Persian_172.jpg,0
staffordshire_bull_terrier_176.jpg,1
staffordshire_bull_terrier_197.jpg,1
japanese_chin_12.jpg,1
scottish_terrier_152.jpg,1
beagle_151.jpg,1
British_Shorthair_115.jpg,0
Ragdoll_195.jpg,0
english_cocker_spaniel_109.jpg,1
english_cocker_spaniel_177.jpg,1
Abyssinian_133.jpg,0
British_Shorthair_182.jpg,0
British_Shorthair_193.jpg,0
pomeranian_169.jpg,1
german_shorthaired_126.jpg,1
great_pyrenees_164.jpg,1
Abyssinian_135.jpg,0
german_shorthaired_188.jpg,1
Siamese_115.jpg,0
american_bulldog_174.jpg,1
english_setter_16.jpg,1
saint_bernard_135.jpg,1
Sphynx_128.jpg,0
pomeranian_129.jpg,1
staffordshire_bull_terrier_136.jpg,1
havanese_146.jpg,1
english_setter_100.jpg,1
english_setter_182.jpg,1
leonberger_14.jpg,1
Bengal_173.jpg,0
Maine_Coon_144.jpg,0
boxer_186.jpg,1
Bombay_18.jpg,0
american_bulldog_16.jpg,1
Abyssinian_100.jpg,0
scottish_terrier_145.jpg,1
boxer_147.jpg,1
newfoundland_123.jpg,1
havanese_106.jpg,1
japanese_chin_179.jpg,1
leonberger_121.jpg,1
chihuahua_141.jpg,1
great_pyrenees_15.jpg,1
newfoundland_150.jpg,1
Abyssinian_149.jpg,0
wheaten_terrier_157.jpg,1
leonberger_12.jpg,1
pomeranian_179.jpg,1
boxer_124.jpg,1
Sphynx_108.jpg,0
german_shorthaired_10.jpg,1
scottish_terrier_127.jpg,1
Persian_118.jpg,0
havanese_116.jpg,1
havanese_104.jpg,1
Bombay_171.jpg,0
keeshond_171.jpg,1
chihuahua_18.jpg,1
pug_122.jpg,1
english_setter_132.jpg,1
german_shorthaired_167.jpg,1
boxer_108.jpg,1
scottish_terrier_15.jpg,1
Russian_Blue_155.jpg,0
miniature_pinscher_117.jpg,1
Ragdoll_132.jpg,0
yorkshire_terrier_13.jpg,1
British_Shorthair_172.jpg,0
basset_hound_190.jpg,1
staffordshire_bull_terrier_163.jpg,1
Bombay_105.jpg,0
beagle_130.jpg,1
american_pit_bull_terrier_184.jpg,1
staffordshire_bull_terrier_192.jpg,1
american_bulldog_141.jpg,1
Maine_Coon_147.jpg,0
Ragdoll_175.jpg,0
Egyptian_Mau_172.jpg,0
Maine_Coon_164.jpg,0
saint_bernard_126.jpg,1
basset_hound_136.jpg,1
newfoundland_135.jpg,1
american_pit_bull_terrier_16.jpg,1
saint_bernard_172.jpg,1
japanese_chin_174.jpg,1
american_pit_bull_terrier_165.jpg,1
Birman_190.jpg,0
yorkshire_terrier_159.jpg,1
american_pit_bull_terrier_140.jpg,1
staffordshire_bull_terrier_169.jpg,1
beagle_173.jpg,1
Maine_Coon_146.jpg,0
shiba_inu_137.jpg,1
Persian_126.jpg,0
boxer_114.jpg,1
leonberger_122.jpg,1
shiba_inu_118.jpg,1
yorkshire_terrier_135.jpg,1
keeshond_113.jpg,1
Ragdoll_177.jpg,0
american_pit_bull_terrier_146.jpg,1
Bengal_142.jpg,0
Bombay_137.jpg,0
basset_hound_11.jpg,1
Egyptian_Mau_130.jpg,0
german_shorthaired_154.jpg,1
wheaten_terrier_175.jpg,1
Abyssinian_113.jpg,0
Siamese_149.jpg,0
pug_188.jpg,1
scottish_terrier_106.jpg,1
basset_hound_158.jpg,1
american_bulldog_186.jpg,1
english_cocker_spaniel_104.jpg,1
newfoundland_183.jpg,1
Egyptian_Mau_121.jpg,0
wheaten_terrier_177.jpg,1
Egyptian_Mau_190.jpg,0
Siamese_138.jpg,0
Birman_115.jpg,0
german_shorthaired_17.jpg,1
beagle_101.jpg,1
British_Shorthair_139.jpg,0
samoyed_155.jpg,1
shiba_inu_102.jpg,1
Bombay_126.jpg,0
boxer_126.jpg,1
great_pyrenees_129.jpg,1
american_bulldog_133.jpg,1
Birman_128.jpg,0
basset_hound_131.jpg,1
basset_hound_182.jpg,1
saint_bernard_134.jpg,1
keeshond_125.jpg,1
Sphynx_127.jpg,0
Bombay_110.jpg,0
chihuahua_138.jpg,1
pomeranian_120.jpg,1
shiba_inu_192.jpg,1
great_pyrenees_165.jpg,1
Sphynx_204.jpg,0
scottish_terrier_189.jpg,1
Egyptian_Mau_113.jpg,0
english_cocker_spaniel_130.jpg,1
pomeranian_160.jpg,1
great_pyrenees_117.jpg,1
japanese_chin_155.jpg,1
Sphynx_110.jpg,0
basset_hound_135.jpg,1
american_pit_bull_terrier_114.jpg,1
english_setter_147.jpg,1
scottish_terrier_183.jpg,1
yorkshire_terrier_177.jpg,1
Persian_201.jpg,0
Persian_10.jpg,0
shiba_inu_119.jpg,1
american_bulldog_101.jpg,1
Ragdoll_151.jpg,0
american_bulldog_176.jpg,1
american_bulldog_107.jpg,1
pug_186.jpg,1
yorkshire_terrier_174.jpg,1
samoyed_126.jpg,1
pomeranian_163.jpg,1
Persian_158.jpg,0
pug_110.jpg,1
pomeranian_17.jpg,1
Russian_Blue_176.jpg,0
saint_bernard_168.jpg,1
shiba_inu_165.jpg,1
chihuahua_139.jpg,1
miniature_pinscher_128.jpg,1
great_pyrenees_131.jpg,1
shiba_inu_147.jpg,1
newfoundland_153.jpg,1
beagle_178.jpg,1
Siamese_116.jpg,0
Russian_Blue_132.jpg,0
japanese_chin_166.jpg,1
scottish_terrier_11.jpg,1
wheaten_terrier_174.jpg,1
pug_151.jpg,1
pug_124.jpg,1
beagle_105.jpg,1
Bombay_157.jpg,0
pomeranian_116.jpg,1
Abyssinian_196.jpg,0
english_setter_14.jpg,1
samoyed_172.jpg,1
staffordshire_bull_terrier_111.jpg,1
pomeranian_128.jpg,1
Maine_Coon_174.jpg,0
pug_190.jpg,1
american_bulldog_144.jpg,1
Abyssinian_125.jpg,0
pug_126.jpg,1
pomeranian_130.jpg,1
Birman_186.jpg,0
english_setter_188.jpg,1
keeshond_150.jpg,1
Sphynx_195.jpg,0
havanese_109.jpg,1
Bombay_102.jpg,0
japanese_chin_117.jpg,1
beagle_152.jpg,1
Maine_Coon_154.jpg,0
pug_178.jpg,1
Persian_128.jpg,0
Birman_110.jpg,0
american_bulldog_172.jpg,1
Bombay_13.jpg,0
Ragdoll_162.jpg,0
Sphynx_11.jpg,0
pomeranian_147.jpg,1
havanese_13.jpg,1
Bengal_182.jpg,0
german_shorthaired_110.jpg,1
japanese_chin_11.jpg,1
Ragdoll_198.jpg,0
scottish_terrier_178.jpg,1
english_setter_181.jpg,1
miniature_pinscher_10.jpg,1
miniature_pinscher_178.jpg,1
scottish_terrier_175.jpg,1
Persian_183.jpg,0
yorkshire_terrier_146.jpg,1
beagle_140.jpg,1
Maine_Coon_167.jpg,0
english_setter_110.jpg,1
Siamese_156.jpg,0
english_setter_113.jpg,1
american_pit_bull_terrier_133.jpg,1
Bengal_12.jpg,0
Bombay_134.jpg,0
Siamese_175.jpg,0
miniature_pinscher_115.jpg,1
Bengal_187.jpg,0
english_setter_112.jpg,1
english_setter_189.jpg,1
pomeranian_102.jpg,1
Russian_Blue_145.jpg,0
staffordshire_bull_terrier_133.jpg,1
British_Shorthair_106.jpg,0
shiba_inu_126.jpg,1
english_cocker_spaniel_181.jpg,1
scottish_terrier_124.jpg,1
wheaten_terrier_143.jpg,1
Persian_12.jpg,0
samoyed_131.jpg,1
scottish_terrier_126.jpg,1
Sphynx_167.jpg,0
Bombay_107.jpg,0
Siamese_160.jpg,0
Bombay_144.jpg,0
leonberger_145.jpg,1
pomeranian_123.jpg,1
Bengal_113.jpg,0
Abyssinian_177.jpg,0
english_setter_117.jpg,1
Siamese_110.jpg,0
British_Shorthair_116.jpg,0
staffordshire_bull_terrier_100.jpg,1
Sphynx_193.jpg,0
Bombay_174.jpg,0
basset_hound_127.jpg,1
Maine_Coon_17.jpg,0
Maine_Coon_110.jpg,0
British_Shorthair_153.jpg,0
boxer_122.jpg,1
British_Shorthair_111.jpg,0
american_bulldog_185.jpg,1
american_bulldog_168.jpg,1
great_pyrenees_130.jpg,1
beagle_15.jpg,1
english_setter_12.jpg,1
Egyptian_Mau_112.jpg,0
scottish_terrier_155.jpg,1
english_cocker_spaniel_189.jpg,1
basset_hound_125.jpg,1
keeshond_100.jpg,1
Siamese_178.jpg,0
Maine_Coon_119.jpg,0
keeshond_162.jpg,1
basset_hound_111.jpg,1
boxer_131.jpg,1
english_cocker_spaniel_110.jpg,1
samoyed_121.jpg,1
pomeranian_122.jpg,1
miniature_pinscher_140.jpg,1
newfoundland_118.jpg,1
saint_bernard_147.jpg,1
german_shorthaired_183.jpg,1
Bombay_177.jpg,0
boxer_101.jpg,1
Abyssinian_15.jpg,0
leonberger_128.jpg,1
shiba_inu_179.jpg,1
Ragdoll_158.jpg,0
japanese_chin_110.jpg,1
miniature_pinscher_165.jpg,1
staffordshire_bull_terrier_158.jpg,1
British_Shorthair_198.jpg,0
Ragdoll_154.jpg,0
german_shorthaired_104.jpg,1
Bombay_168.jpg,0
Siamese_174.jpg,0
american_pit_bull_terrier_178.jpg,1
Sphynx_142.jpg,0
beagle_128.jpg,1
Persian_145.jpg,0
Maine_Coon_205.jpg,0
Bombay_121.jpg,0
British_Shorthair_160.jpg,0
newfoundland_166.jpg,1
British_Shorthair_200.jpg,0
staffordshire_bull_terrier_138.jpg,1
pug_100.jpg,1
basset_hound_124.jpg,1
english_setter_185.jpg,1
japanese_chin_131.jpg,1
chihuahua_180.jpg,1
basset_hound_138.jpg,1
american_bulldog_143.jpg,1
saint_bernard_166.jpg,1
Egyptian_Mau_109.jpg,0
boxer_146.jpg,1
British_Shorthair_175.jpg,0
scottish_terrier_123.jpg,1
newfoundland_112.jpg,1
Birman_158.jpg,0
chihuahua_104.jpg,1
Sphynx_172.jpg,0
scottish_terrier_185.jpg,1
saint_bernard_171.jpg,1
staffordshire_bull_terrier_125.jpg,1
keeshond_181.jpg,1
staffordshire_bull_terrier_172.jpg,1
english_cocker_spaniel_112.jpg,1
Maine_Coon_10.jpg,0
Abyssinian_121.jpg,0
staffordshire_bull_terrier_165.jpg,1
pomeranian_188.jpg,1
samoyed_106.jpg,1
shiba_inu_117.jpg,1
boxer_170.jpg,1
Sphynx_121.jpg,0
British_Shorthair_145.jpg,0
pomeranian_104.jpg,1
scottish_terrier_172.jpg,1
yorkshire_terrier_156.jpg,1
basset_hound_178.jpg,1
saint_bernard_12.jpg,1
Siamese_208.jpg,0
Russian_Blue_108.jpg,0
Persian_100.jpg,0
pug_168.jpg,1
British_Shorthair_141.jpg,0
shiba_inu_173.jpg,1
Persian_176.jpg,0
yorkshire_terrier_102.jpg,1
english_setter_139.jpg,1
leonberger_140.jpg,1
British_Shorthair_140.jpg,0
pomeranian_126.jpg,1
Bengal_161.jpg,0
keeshond_159.jpg,1
samoyed_171.jpg,1
pomeranian_170.jpg,1
havanese_150.jpg,1
Ragdoll_114.jpg,0
keeshond_102.jpg,1
german_shorthaired_137.jpg,1
shiba_inu_171.jpg,1
chihuahua_114.jpg,1
leonberger_135.jpg,1
Russian_Blue_172.jpg,0
american_bulldog_124.jpg,1
wheaten_terrier_170.jpg,1
english_setter_152.jpg,1
basset_hound_150.jpg,1
boxer_127.jpg,1
havanese_145.jpg,1
British_Shorthair_195.jpg,0
miniature_pinscher_190.jpg,1
shiba_inu_132.jpg,1
pomeranian_149.jpg,1
basset_hound_157.jpg,1
Persian_165.jpg,0
basset_hound_141.jpg,1
pug_135.jpg,1
shiba_inu_124.jpg,1
Bombay_111.jpg,0
pug_138.jpg,1
Abyssinian_109.jpg,0
samoyed_161.jpg,1
miniature_pinscher_124.jpg,1
keeshond_140.jpg,1
Bombay_192.jpg,0
staffordshire_bull_terrier_105.jpg,1
Abyssinian_192.jpg,0
american_bulldog_127.jpg,1
Persian_188.jpg,0
samoyed_112.jpg,1
wheaten_terrier_172.jpg,1
newfoundland_167.jpg,1
leonberger_11.jpg,1
Russian_Blue_1.jpg,0
samoyed_14.jpg,1
leonberger_139.jpg,1
Ragdoll_146.jpg,0
keeshond_169.jpg,1
havanese_162.jpg,1
Bengal_116.jpg,0
keeshond_161.jpg,1
newfoundland_149.jpg,1
english_cocker_spaniel_18.jpg,1
wheaten_terrier_159.jpg,1
British_Shorthair_16.jpg,0
Egyptian_Mau_120.jpg,0
newfoundland_113.jpg,1
beagle_12.jpg,1
British_Shorthair_124.jpg,0
Russian_Blue_111.jpg,0
beagle_174.jpg,1
Maine_Coon_149.jpg,0
Ragdoll_186.jpg,0
japanese_chin_102.jpg,1
Russian_Blue_125.jpg,0
german_shorthaired_174.jpg,1
english_cocker_spaniel_111.jpg,1
pomeranian_144.jpg,1
havanese_172.jpg,1
staffordshire_bull_terrier_119.jpg,1
leonberger_173.jpg,1
miniature_pinscher_156.jpg,1
boxer_120.jpg,1
Maine_Coon_106.jpg,0
wheaten_terrier_132.jpg,1
english_cocker_spaniel_153.jpg,1
Russian_Blue_107.jpg,0
Siamese_183.jpg,0
newfoundland_100.jpg,1
Siamese_122.jpg,0
chihuahua_144.jpg,1
keeshond_190.jpg,1
pomeranian_172.jpg,1
Birman_116.jpg,0
english_setter_126.jpg,1
wheaten_terrier_150.jpg,1
wheaten_terrier_184.jpg,1
yorkshire_terrier_106.jpg,1
miniature_pinscher_142.jpg,1
scottish_terrier_119.jpg,1
japanese_chin_175.jpg,1
yorkshire_terrier_133.jpg,1
american_bulldog_129.jpg,1
Abyssinian_173.jpg,0
Maine_Coon_168.jpg,0
Bombay_123.jpg,0
english_setter_122.jpg,1
keeshond_156.jpg,1
yorkshire_terrier_10.jpg,1
saint_bernard_121.jpg,1
scottish_terrier_148.jpg,1
english_setter_175.jpg,1
keeshond_16.jpg,1
english_setter_127.jpg,1
pug_166.jpg,1
wheaten_terrier_139.jpg,1
Ragdoll_178.jpg,0
basset_hound_169.jpg,1
leonberger_117.jpg,1
basset_hound_130.jpg,1
Russian_Blue_177.jpg,0
saint_bernard_154.jpg,1
Persian_182.jpg,0
havanese_113.jpg,1
Egyptian_Mau_119.jpg,0
staffordshire_bull_terrier_189.jpg,1
leonberger_149.jpg,1
yorkshire_terrier_112.jpg,1
Persian_192.jpg,0
scottish_terrier_190.jpg,1
english_setter_148.jpg,1
basset_hound_119.jpg,1
havanese_127.jpg,1
scottish_terrier_102.jpg,1
Maine_Coon_176.jpg,0
newfoundland_127.jpg,1
havanese_176.jpg,1
leonberger_148.jpg,1
american_pit_bull_terrier_155.jpg,1
saint_bernard_181.jpg,1
Maine_Coon_153.jpg,0
Birman_183.jpg,0
British_Shorthair_103.jpg,0
Persian_117.jpg,0
Maine_Coon_140.jpg,0
american_bulldog_135.jpg,1
leonberger_125.jpg,1
keeshond_135.jpg,1
great_pyrenees_176.jpg,1
basset_hound_118.jpg,1
Birman_150.jpg,0
miniature_pinscher_143.jpg,1
shiba_inu_112.jpg,1
Bengal_154.jpg,0
miniature_pinscher_189.jpg,1
american_bulldog_111.jpg,1
Bengal_13.jpg,0
american_pit_bull_terrier_122.jpg,1
Bombay_122.jpg,0
samoyed_174.jpg,1
shiba_inu_16.jpg,1
german_shorthaired_14.jpg,1
Persian_19.jpg,0
shiba_inu_120.jpg,1
samoyed_141.jpg,1
german_shorthaired_162.jpg,1
Sphynx_130.jpg,0
boxer_144.jpg,1
american_bulldog_197.jpg,1
german_shorthaired_168.jpg,1
Ragdoll_133.jpg,0
British_Shorthair_156.jpg,0
Maine_Coon_136.jpg,0
pug_158.jpg,1
havanese_136.jpg,1
american_bulldog_116.jpg,1
Birman_143.jpg,0
keeshond_173.jpg,1
Abyssinian_101.jpg,0
Abyssinian_17.jpg,0
japanese_chin_16.jpg,1
beagle_165.jpg,1
Abyssinian_103.jpg,0
english_cocker_spaniel_151.jpg,1
British_Shorthair_121.jpg,0
Ragdoll_105.jpg,0
american_pit_bull_terrier_126.jpg,1
chihuahua_16.jpg,1
Ragdoll_10.jpg,0
american_pit_bull_terrier_139.jpg,1
saint_bernard_104.jpg,1
Egyptian_Mau_164.jpg,0
scottish_terrier_182.jpg,1
Russian_Blue_153.jpg,0
pug_169.jpg,1
great_pyrenees_133.jpg,1
havanese_114.jpg,1
staffordshire_bull_terrier_13.jpg,1
yorkshire_terrier_164.jpg,1
saint_bernard_153.jpg,1
shiba_inu_127.jpg,1
Maine_Coon_1.jpg,0
saint_bernard_179.jpg,1
Persian_18.jpg,0
leonberger_178.jpg,1
japanese_chin_165.jpg,1
english_setter_114.jpg,1
great_pyrenees_147.jpg,1
Siamese_108.jpg,0
pomeranian_175.jpg,1
Ragdoll_155.jpg,0
Birman_122.jpg,0
saint_bernard_138.jpg,1
great_pyrenees_103.jpg,1
american_bulldog_11.jpg,1
newfoundland_178.jpg,1
staffordshire_bull_terrier_131.jpg,1
Egyptian_Mau_176.jpg,0
scottish_terrier_12.jpg,1
american_pit_bull_terrier_13.jpg,1
Abyssinian_160.jpg,0
Sphynx_138.jpg,0
Maine_Coon_194.jpg,0
newfoundland_102.jpg,1
Bengal_134.jpg,0
american_bulldog_123.jpg,1
miniature_pinscher_14.jpg,1
english_cocker_spaniel_159.jpg,1
scottish_terrier_146.jpg,1
leonberger_179.jpg,1
wheaten_terrier_110.jpg,1
saint_bernard_151.jpg,1
Maine_Coon_197.jpg,0
beagle_180.jpg,1
havanese_159.jpg,1
Siamese_204.jpg,0
Russian_Blue_191.jpg,0
samoyed_15.jpg,1
japanese_chin_177.jpg,1
pomeranian_119.jpg,1
British_Shorthair_120.jpg,0
havanese_151.jpg,1
chihuahua_126.jpg,1
chihuahua_13.jpg,1
boxer_177.jpg,1
english_setter_141.jpg,1
Russian_Blue_137.jpg,0
Russian_Blue_124.jpg,0
basset_hound_159.jpg,1
miniature_pinscher_132.jpg,1
Abyssinian_124.jpg,0
beagle_170.jpg,1
Bengal_124.jpg,0
Bombay_125.jpg,0
Abyssinian_150.jpg,0
Birman_137.jpg,0
basset_hound_102.jpg,1
Siamese_114.jpg,0
english_cocker_spaniel_179.jpg,1
Siamese_151.jpg,0
Birman_124.jpg,0
Maine_Coon_170.jpg,0
english_cocker_spaniel_182.jpg,1
chihuahua_147.jpg,1
basset_hound_133.jpg,1
Abyssinian_142.jpg,0
american_bulldog_106.jpg,1
pomeranian_107.jpg,1
chihuahua_174.jpg,1
newfoundland_188.jpg,1
newfoundland_165.jpg,1
Egyptian_Mau_147.jpg,0
samoyed_130.jpg,1
Persian_105.jpg,0
keeshond_142.jpg,1
japanese_chin_158.jpg,1
Egyptian_Mau_103.jpg,0
leonberger_171.jpg,1
Russian_Blue_197.jpg,0
Sphynx_187.jpg,0
Bengal_122.jpg,0
newfoundland_182.jpg,1
Russian_Blue_102.jpg,0
german_shorthaired_135.jpg,1
pug_185.jpg,1
Siamese_113.jpg,0
Birman_105.jpg,0
great_pyrenees_10.jpg,1
saint_bernard_178.jpg,1
samoyed_190.jpg,1
Abyssinian_155.jpg,0
Sphynx_194.jpg,0
Birman_167.jpg,0
Abyssinian_190.jpg,0
Birman_162.jpg,0
keeshond_189.jpg,1
american_pit_bull_terrier_173.jpg,1
japanese_chin_127.jpg,1
basset_hound_154.jpg,1
British_Shorthair_101.jpg,0
leonberger_141.jpg,1
Maine_Coon_103.jpg,0
saint_bernard_137.jpg,1
Bombay_16.jpg,0
miniature_pinscher_162.jpg,1
Siamese_136.jpg,0
Abyssinian_138.jpg,0
miniature_pinscher_176.jpg,1
american_pit_bull_terrier_104.jpg,1
german_shorthaired_176.jpg,1
miniature_pinscher_11.jpg,1
Ragdoll_103.jpg,0
Abyssinian_164.jpg,0
keeshond_178.jpg,1
samoyed_123.jpg,1
newfoundland_138.jpg,1
american_bulldog_134.jpg,1
Bombay_198.jpg,0
miniature_pinscher_182.jpg,1
miniature_pinscher_135.jpg,1
Bombay_158.jpg,0
Bengal_139.jpg,0
chihuahua_12.jpg,1
saint_bernard_113.jpg,1
american_bulldog_169.jpg,1
american_pit_bull_terrier_144.jpg,1
english_setter_138.jpg,1
Maine_Coon_132.jpg,0
beagle_145.jpg,1
pomeranian_184.jpg,1
english_setter_162.jpg,1
miniature_pinscher_150.jpg,1
english_setter_136.jpg,1
Russian_Blue_198.jpg,0
wheaten_terrier_178.jpg,1
miniature_pinscher_155.jpg,1
beagle_134.jpg,1
miniature_pinscher_13.jpg,1
Bengal_171.jpg,0
samoyed_135.jpg,1
Sphynx_186.jpg,0
pomeranian_153.jpg,1
keeshond_153.jpg,1
Bombay_161.jpg,0
basset_hound_180.jpg,1
american_pit_bull_terrier_132.jpg,1
Siamese_111.jpg,0
leonberger_186.jpg,1
american_pit_bull_terrier_161.jpg,1
Bombay_170.jpg,0
miniature_pinscher_169.jpg,1
beagle_137.jpg,1
Birman_169.jpg,0
american_pit_bull_terrier_145.jpg,1
newfoundland_110.jpg,1
great_pyrenees_177.jpg,1
miniature_pinscher_148.jpg,1
Maine_Coon_207.jpg,0
Siamese_129.jpg,0
shiba_inu_158.jpg,1
Sphynx_184.jpg,0
beagle_147.jpg,1
german_shorthaired_172.jpg,1
Bombay_116.jpg,0
samoyed_143.jpg,1
Siamese_125.jpg,0
Maine_Coon_162.jpg,0
leonberger_110.jpg,1
scottish_terrier_162.jpg,1
Egyptian_Mau_175.jpg,0
Abyssinian_178.jpg,0
samoyed_169.jpg,1
Russian_Blue_136.jpg,0
german_shorthaired_164.jpg,1
saint_bernard_127.jpg,1
leonberger_103.jpg,1
havanese_171.jpg,1
Russian_Blue_17.jpg,0
Maine_Coon_109.jpg,0
beagle_172.jpg,1
Bengal_117.jpg,0
beagle_104.jpg,1
basset_hound_177.jpg,1
samoyed_179.jpg,1
miniature_pinscher_157.jpg,1
havanese_14.jpg,1
wheaten_terrier_123.jpg,1
Birman_182.jpg,0
scottish_terrier_10.jpg,1
english_cocker_spaniel_146.jpg,1
Abyssinian_157.jpg,0
boxer_15.jpg,1
Sphynx_196.jpg,0
staffordshire_bull_terrier_118.jpg,1
english_cocker_spaniel_166.jpg,1
american_pit_bull_terrier_121.jpg,1
newfoundland_103.jpg,1
basset_hound_167.jpg,1
keeshond_131.jpg,1
Sphynx_125.jpg,0
wheaten_terrier_134.jpg,1
shiba_inu_195.jpg,1
Sphynx_107.jpg,0
saint_bernard_176.jpg,1
Abyssinian_108.jpg,0
pug_107.jpg,1
leonberger_15.jpg,1
keeshond_144.jpg,1
Bombay_109.jpg,0
american_pit_bull_terrier_150.jpg,1
havanese_125.jpg,1
basset_hound_181.jpg,1
great_pyrenees_183.jpg,1
British_Shorthair_126.jpg,0
staffordshire_bull_terrier_116.jpg,1
samoyed_110.jpg,1
pug_118.jpg,1
Maine_Coon_150.jpg,0
wheaten_terrier_124.jpg,1
english_cocker_spaniel_131.jpg,1
pug_156.jpg,1
leonberger_151.jpg,1
Bombay_138.jpg,0
Abyssinian_136.jpg,0
boxer_164.jpg,1
Russian_Blue_192.jpg,0
Bengal_137.jpg,0
Russian_Blue_158.jpg,0
scottish_terrier_177.jpg,1
Russian_Blue_135.jpg,0
english_setter_174.jpg,1
Egyptian_Mau_148.jpg,0
chihuahua_130.jpg,1
basset_hound_166.jpg,1
Birman_163.jpg,0
basset_hound_152.jpg,1
British_Shorthair_176.jpg,0
saint_bernard_139.jpg,1
Russian_Blue_196.jpg,0
english_setter_158.jpg,1
chihuahua_134.jpg,1
beagle_168.jpg,1
Siamese_158.jpg,0
german_shorthaired_106.jpg,1
Siamese_133.jpg,0
great_pyrenees_154.jpg,1
english_cocker_spaniel_160.jpg,1
miniature_pinscher_104.jpg,1
great_pyrenees_16.jpg,1
shiba_inu_181.jpg,1
english_cocker_spaniel_155.jpg,1
japanese_chin_109.jpg,1
english_cocker_spaniel_157.jpg,1
staffordshire_bull_terrier_107.jpg,1
staffordshire_bull_terrier_126.jpg,1
Abyssinian_175.jpg,0
Egyptian_Mau_18.jpg,0
boxer_115.jpg,1
keeshond_157.jpg,1
newfoundland_128.jpg,1
Russian_Blue_130.jpg,0
Siamese_142.jpg,0
miniature_pinscher_114.jpg,1
american_bulldog_130.jpg,1
Egyptian_Mau_142.jpg,0
British_Shorthair_137.jpg,0
British_Shorthair_130.jpg,0
boxer_123.jpg,1
great_pyrenees_138.jpg,1
english_cocker_spaniel_122.jpg,1
Bengal_104.jpg,0
yorkshire_terrier_149.jpg,1
pomeranian_105.jpg,1
Maine_Coon_105.jpg,0
pomeranian_140.jpg,1
leonberger_162.jpg,1
